id,in_moc1,in_moc2,in_moc3,in_qe1,in_qe2,in_qe3,in_qe4,in_p1,in_p2,in_p3,in_v1,in_v2,in_v3,in_a1,in_a2,in_a3,in_j1,in_j2,in_j3,in_s1,in_s2,in_s3,in_yaw1,in_yaw2,in_yaw3,in_estop,in_ack,tx_i161,tx_i162,tx_i163,tx_i164,tx_i165,tx_i166,tx_i167,tx_i168,tx_i169,tx_i1610,tx_i1611,tx_i1612,tx_i1613,tx_i1614,tx_i1615,tx_i1616,tx_i1617,tx_i1618,tx_i1619,tx_i1620,tx_i1621,tx_q,tx_flags1,tx_flags2,rx_moc1,rx_moc2,rx_moc3,rx_qe1,rx_qe2,rx_qe3,rx_qe4,rx_p1,rx_p2,rx_p3,rx_v1,rx_v2,rx_v3,rx_a1,rx_a2,rx_a3,rx_j1,rx_j2,rx_j3,rx_s1,rx_s2,rx_s3,rx_yaw1,rx_yaw2,rx_yaw3,rx_estop,rx_ack
hover,0,0,1,1,0,0,0,0,0,1,0,0,0,0,0,0,0,0,0,0,0,0,0,0,0,0,0,0,0,1638,0,0,1638,0,0,0,0,0,0,0,0,0,0,0,0,0,0,0,537395712,0,0,0,0,0.99978637043366803,1,0,0,0,0,0,0.99978637043366803,0,0,0,0,0,0,0,0,0,0,0,0,0,0,0,0,0
hover_ack,0,0,1,1,0,0,0,0,0,1,0,0,0,0,0,0,0,0,0,0,0,0,0,0,0,0,1,0,0,1638,0,0,1638,0,0,0,0,0,0,0,0,0,0,0,0,0,0,0,537395712,0,1,0,0,0.99978637043366803,1,0,0,0,0,0,0.99978637043366803,0,0,0,0,0,0,0,0,0,0,0,0,0,0,0,0,1
imax_w,0,0,1,1,0.001,0.001,0.001,0,0,1,0,0,0,0,0,0,0,0,0,0,0,0,0,0,0,0,0,0,0,1638,0,0,1638,0,0,0,0,0,0,0,0,0,0,0,0,0,0,0,538445313,0,0,0,0,0.99978637043366803,0.99999712776422778,0.0013837706089756313,0.0013837706089756313,0.0013837706089756313,0,0,0.99978637043366803,0,0,0,0,0,0,0,0,0,0,0,0,0,0,0,0,0
imax_x,0,0,1,0.001,1,0.001,0.001,0,0,1,0,0,0,0,0,0,0,0,0,0,0,0,0,0,0,0,0,0,0,1638,0,0,1638,0,0,0,0,0,0,0,0,0,0,0,0,0,0,0,1612187137,0,0,0,0,0.99978637043366803,0.0013837706089756313,0.99999712776422778,0.0013837706089756313,0.0013837706089756313,0,0,0.99978637043366803,0,0,0,0,0,0,0,0,0,0,0,0,0,0,0,0,0
imax_y,0,0,1,0.001,0.001,1,0.001,0,0,1,0,0,0,0,0,0,0,0,0,0,0,0,0,0,0,0,0,0,0,1638,0,0,1638,0,0,0,0,0,0,0,0,0,0,0,0,0,0,0,2685928961,0,0,0,0,0.99978637043366803,0.0013837706089756313,0.0013837706089756313,0.99999712776422778,0.0013837706089756313,0,0,0.99978637043366803,0,0,0,0,0,0,0,0,0,0,0,0,0,0,0,0,0
imax_z,0,0,1,0.001,0.001,0.001,1,0,0,1,0,0,0,0,0,0,0,0,0,0,0,0,0,0,0,0,0,0,0,1638,0,0,1638,0,0,0,0,0,0,0,0,0,0,0,0,0,0,0,3759670785,0,0,0,0,0.99978637043366803,0.0013837706089756313,0.0013837706089756313,0.0013837706089756313,0.99999712776422778,0,0,0.99978637043366803,0,0,0,0,0,0,0,0,0,0,0,0,0,0,0,0,0
signflip_w,0,0,1,-1,0.001,-0.001,0.001,0,0,1,0,0,0,0,0,0,0,0,0,0,0,0,0,0,0,0,0,0,0,1638,0,0,1638,0,0,0,0,0,0,0,0,0,0,0,0,0,0,0,536348159,0,0,0,0,0.99978637043366803,0.99999712776422778,-0.0013837706089756313,0.0013837706089756313,-0.0013837706089756313,0,0,0.99978637043366803,0,0,0,0,0,0,0,0,0,0,0,0,0,0,0,0,0
near_half,0,0,1,0.70710678118654746,0.70710678118654746,0,0,0,0,1,0,0,0,0,0,0,0,0,0,0,0,0,0,0,0,0,0,0,0,1638,0,0,1638,0,0,0,0,0,0,0,0,0,0,0,0,0,0,0,1073218048,0,0,0,0,0.99978637043366803,0.70710678118654757,0.70710678118654746,0,0,0,0,0.99978637043366803,0,0,0,0,0,0,0,0,0,0,0,0,0,0,0,0,0
mocap_invalid,0,0,1,0,0,0,0,0,0,1,0,0,0,0,0,0,0,0,0,0,0,0,0,0,0,0,0,0,0,1638,0,0,1638,0,0,0,0,0,0,0,0,0,0,0,0,0,0,0,0,0,0,0,0,0.99978637043366803,0,0,0,0,0,0,0.99978637043366803,0,0,0,0,0,0,0,0,0,0,0,0,0,0,0,0,0
sat_moc,30,-30,25,1,0,0,0,0,0,1,0,0,0,0,0,0,0,0,0,0,0,0,0,0,0,0,0,32767,-32768,32767,0,0,1638,0,0,0,0,0,0,0,0,0,0,0,0,0,0,0,537395712,0,0,20,-20.00061037018952,20,1,0,0,0,0,0,0.99978637043366803,0,0,0,0,0,0,0,0,0,0,0,0,0,0,0,0,0
sat_p,0,0,1,1,0,0,0,30,-30,25,0,0,0,0,0,0,0,0,0,0,0,0,0,0,0,0,0,0,0,1638,32767,-32768,32767,0,0,0,0,0,0,0,0,0,0,0,0,0,0,0,537395712,0,0,0,0,0.99978637043366803,1,0,0,0,20,-20.00061037018952,20,0,0,0,0,0,0,0,0,0,0,0,0,0,0,0,0,0
sat_v,0,0,1,1,0,0,0,0,0,1,30,-30,25,0,0,0,0,0,0,0,0,0,0,0,0,0,0,0,0,1638,0,0,1638,32767,-32768,32767,0,0,0,0,0,0,0,0,0,0,0,0,537395712,0,0,0,0,0.99978637043366803,1,0,0,0,0,0,0.99978637043366803,20,-20.00061037018952,20,0,0,0,0,0,0,0,0,0,0,0,0,0,0
sat_a,0,0,1,1,0,0,0,0,0,1,0,0,0,80,-80,60,0,0,0,0,0,0,0,0,0,0,0,0,0,1638,0,0,1638,0,0,0,32767,-32768,32767,0,0,0,0,0,0,0,0,0,537395712,0,0,0,0,0.99978637043366803,1,0,0,0,0,0,0.99978637043366803,0,0,0,50,-50.0015259254738,50,0,0,0,0,0,0,0,0,0,0,0
sat_j,0,0,1,1,0,0,0,0,0,1,0,0,0,0,0,0,300,-300,250,0,0,0,0,0,0,0,0,0,0,1638,0,0,1638,0,0,0,0,0,0,32767,-32768,32767,0,0,0,0,0,0,537395712,0,0,0,0,0.99978637043366803,1,0,0,0,0,0,0.99978637043366803,0,0,0,0,0,0,200,-200.0061037018952,200,0,0,0,0,0,0,0,0
sat_s,0,0,1,1,0,0,0,0,0,1,0,0,0,0,0,0,0,0,0,3000,-3000,2500,0,0,0,0,0,0,0,1638,0,0,1638,0,0,0,0,0,0,0,0,0,32767,-32768,32767,0,0,0,537395712,0,0,0,0,0.99978637043366803,1,0,0,0,0,0,0.99978637043366803,0,0,0,0,0,0,0,0,0,2000,-2000.061037018952,2000,0,0,0,0,0
sat_yaw,0,0,1,1,0,0,0,0,0,1,0,0,0,0,0,0,0,0,0,0,0,0,8,-40,400,0,0,0,0,1638,0,0,1638,0,0,0,0,0,0,0,0,0,0,0,0,32767,-32768,32767,537395712,0,0,0,0,0.99978637043366803,1,0,0,0,0,0,0.99978637043366803,0,0,0,0,0,0,0,0,0,0,0,0,4,-20.00061037018952,200,0,0
estop1,0,0,1,1,0,0,0,0,0,1,0,0,0,0,0,0,0,0,0,0,0,0,0,0,0,1,0,0,0,1638,0,0,1638,0,0,0,0,0,0,0,0,0,0,0,0,0,0,0,537395712,1,0,0,0,0.99978637043366803,1,0,0,0,0,0,0.99978637043366803,0,0,0,0,0,0,0,0,0,0,0,0,0,0,0,1,0
estop2,0,0,1,1,0,0,0,0,0,1,0,0,0,0,0,0,0,0,0,0,0,0,0,0,0,2,1,0,0,1638,0,0,1638,0,0,0,0,0,0,0,0,0,0,0,0,0,0,0,537395712,2,1,0,0,0.99978637043366803,1,0,0,0,0,0,0.99978637043366803,0,0,0,0,0,0,0,0,0,0,0,0,0,0,0,2,1
estop2_na,0,0,1,1,0,0,0,0,0,1,0,0,0,0,0,0,0,0,0,0,0,0,0,0,0,2,0,0,0,1638,0,0,1638,0,0,0,0,0,0,0,0,0,0,0,0,0,0,0,537395712,2,0,0,0,0.99978637043366803,1,0,0,0,0,0,0.99978637043366803,0,0,0,0,0,0,0,0,0,0,0,0,0,0,0,2,0
rand001,-13.975342646048093,-12.566149342221149,-21.961604698967118,-0.85378393146975207,-0.43508395178056392,0.051902040678294389,-0.28117811337387255,-16.705312706467968,6.7812641659926314,13.100055907405315,7.568046325368873,-15.538005775764756,16.528086392129772,-10.773854697956921,21.912487748256595,9.1381156037313911,155.32003754165689,-47.738566937950452,-19.19453028407812,-548.61988239900256,-49.96422773806777,-1983.4703846636762,2.9576697796881914,-15.630625272921087,-44.870685789544147,1,1,-22897,-20588,-32768,-27369,11110,21462,12399,-25457,27079,-7061,14360,5989,25447,-7821,-3145,-8988,-819,-32496,24228,-25608,-7351,866609867,1,1,-13.975646229438155,-12.566301461836604,-20.00061037018952,0.85412729419636091,0.43450397121834816,-0.05258328314107398,0.28090543362205311,-16.705221716971344,6.7812128055665761,13.099765007477036,7.5679799798577836,-15.538193914609211,16.528214362010559,-10.774559770500808,21.912289803765983,9.1387676625873588,155.3209021271401,-47.737052522354809,-19.196142460402235,-548.60072634052551,-49.989318521683401,-1983.4589678640095,2.9576097903378398,-15.630359813226722,-44.868312631611069,1,1
rand002,-9.4020101760069483,-3.838820999109025,7.5498494450906311,-0.65217322782342846,-0.44770240190214222,0.47448685008863056,0.38612804784733329,17.363707145174562,-20.031646965666166,11.331050532838484,-18.065514280710886,0.26067868626770796,-0.25187027336123347,-29.96514094284008,-25.104519563194113,51.577678947598457,-25.692530368900265,200.04415688194109,186.08630994471008,-927.35977675491665,-1687.6435725598947,1580.4569089826766,0.49885302929720204,10.81627590870578,-13.45360635953201,2,0,-15404,-6289,12369,28448,-32768,18564,-29598,427,-413,-19637,-16452,32767,-4209,32767,30487,-15193,-27650,25893,4086,17721,-2204,876782825,2,0,-9.4021423993652142,-3.838618121890927,7.5496688741721858,0.65166046672233535,0.44834167730810448,-0.47463331887864146,-0.3860719999042011,17.363811151463363,-20.00061037018952,11.330912198248237,-18.0657368694113,0.260628070925016,-0.2520828882717368,-29.964598529007844,-25.104525894955291,50,-25.690481276894438,200,186.08355967894528,-927.3354289376507,-1687.6735740226447,1580.4315317239907,0.49879451887569809,10.816370128482925,-13.452558977019562,2,0
rand003,-14.473410302930766,-8.4370560635276544,4.6522457472265426,-0.11851731438481909,0.3485919669439847,-0.77467249052267684,0.51412043258416318,3.4197840506634067,-8.6237782802003746,12.2330193630405,20.145266972451143,6.4542652659521345,-15.769395784156888,1.1508368298266414,-33.891084129366419,-21.503357056418835,-159.61152063725771,-63.68285583765261,-213.63724762245204,1100.6138692370566,-533.41314364341122,-745.67677989298545,1.5786663031304928,4.2081315039447045,120.65809286089838,0,1,-23713,-13823,7622,5603,-14129,20042,32767,10574,-25836,754,-22210,-14092,-26150,-10433,-32768,18032,-8739,-12217,12932,6894,19768,2774798476,0,1,-14.473708304086429,-8.4371471297341838,4.6522415845210121,0.11900427237190428,-0.34871019346185905,0.77411793757201619,-0.51476266653893477,3.4199041718802454,-8.6239204077272866,12.233039338358715,20,6.4540543839838866,-15.769524216437269,1.1505478072450941,-33.890804773094885,-21.503341776787622,-159.61180455946533,-63.679921872615743,-200.0061037018952,1100.6195257423628,-533.40250862147889,-745.68926053651535,1.5786614581743827,4.2078920865504932,120.65797906430249,0,1
rand004,7.9219700637202664,1.2962357308992187,17.574818320252579,-0.47705559091780153,0.58723816391490036,-0.19913237992236243,-0.62282870621253472,-10.904532867343386,-6.2858653285339692,21.085234015514111,-15.80104184746283,11.506013301670501,-21.920413346903921,-2.7418012485835308,-7.5604673736782608,2.130478273788543,117.61602526506751,-98.767626794997369,-144.17886299538154,766.56669787725627,-629.37521557821776,1560.8793596478899,3.1789013074159924,-14.371692061038432,93.588734116255736,1,0,12979,2124,28794,-17865,-10298,32767,-25888,18851,-32768,-1797,-4955,1396,19270,-16182,-23622,12559,-10311,25573,26041,-23546,15333,4119945872,1,0,7.9219946897793507,1.2964262825403607,17.574999237037265,0.47740086009659272,-0.58671873820566756,0.19926296769249088,0.62301188650278905,-10.904263435773796,-6.2855922116763816,20,-15.801263466292307,11.506088442640461,-20.00061037018952,-2.7420880764183475,-7.5609607226783044,2.1301919614246039,117.61833552049318,-98.77010406811732,-144.18164616840113,766.56392101809752,-629.35270241401406,1560.8996856593524,3.1789300210577713,-14.371776482436598,93.588061159092987,1,0
rand005,16.051486023384417,-11.331849497066543,-15.372723828037287,-0.4200194913438367,0.52530739521841341,-0.71530644189104475,-0.18966407569511873,0.99779545933821057,16.353052553552761,-7.0644924817839048,-15.710444359419132,-4.9960114105820583,-17.245976187082732,-9.4864178116241202,31.677966390666885,23.439906621299958,-166.54070104229868,-151.52876318388806,-19.263120533831398,-1668.8496727943334,-1235.8307904467231,832.34255245623547,0.59650212687069071,-2.3305727362107875,166.054006811383,2,1,26298,-18566,-25186,1635,26792,-11574,-25739,-8185,-28255,-6217,20760,15361,-27285,-24826,-3156,-27342,-20247,13637,4886,-3818,27205,3003257481,2,1,16.051515243995482,-11.332132938627277,-15.372783593249306,0.4206662651285919,-0.52583283141073989,0.71456311799588001,0.1895765734296615,0.99795525986510814,16.353038117618336,-7.06442457350383,-15.710318308053834,-4.9958800012207405,-17.246009704886013,-9.4866786706137276,31.678212836085084,23.439741203039645,-166.53950621051669,-151.53050325022127,-19.263283181249427,-1668.8741721854306,-1235.8165227210302,832.36182744834741,0.59645374919888916,-2.3303933835871455,166.05121005890072,2,1
rand006,2.790787622888129,-21.769803683230833,21.094572042323222,0.45165736035177245,-0.72444106364842875,0.52075749365445856,0.0015514324763671163,-15.844197003089473,11.183571572511161,-12.306319004870986,-20.436099643471582,-18.468994021943146,-13.885629598106721,14.400399707220895,20.861769202242435,32.191953077590604,-165.14699717133553,43.816506559519866,-59.999002679056382,2035.554462005412,938.88730714781479,1709.4995401235105,3.6555671475832585,0.39892299505245532,26.654454091705361,0,0,4572,-32768,32767,-25958,18323,-20162,-32768,-30259,-22750,9437,13672,21097,-27057,7179,-9830,32767,15382,28008,29945,654,4367,1268916735,0,0,2.7906125064851834,-20.00061037018952,20,-0.45110921852605573,0.72511296399349412,-0.52029774897483727,-0.0013837706089756311,-15.843989379558701,11.183812982573931,-12.306283761101108,-20.00061037018952,-18.469191564683982,-13.885921811578722,14.400158696249274,20.862453077791681,32.19244972075564,-165.1478621784112,43.818475905636767,-59.99938962981048,2000,938.87142551957766,1709.5248268074588,3.6555070650349437,0.39918210394604325,26.654866176335947,0,0
rand007,-10.61678740701646,1.7642655152474989,9.7646491046306476,0.68216044558476641,0.65494891371169506,0.27989715298725537,-0.16539839980209198,11.637190902458117,-4.168619350038778,-11.6689935516336,20.314543133050428,4.6404574111216057,-4.4595834252212567,19.067630902094308,38.876126397127535,-46.162101709135797,-17.551807084224045,-151.27770162053761,-197.00816211680066,-2152.1839804557121,-573.68173272977492,-28.010666021000574,2.7548603491859787,-13.371386542594294,73.679767658922827,1,1,-17394,2890,15998,19066,-6830,-19118,32767,7603,-7306,12496,25477,-30252,-2876,-24785,-32277,-32768,-9399,-459,22567,-21907,12071,1033578888,1,1,-10.616779076509903,1.7639698477126378,9.7647022919400612,0.68256370149437895,0.6545234980454735,0.27952166301307746,-0.16605247307707574,11.637318033387249,-4.1688283944212161,-11.669057283242287,20,4.6406445509201326,-4.45936460463271,19.067964720603047,38.87600329599902,-46.162297433393356,-17.554246650593583,-151.28025147251807,-197.00918607135227,-2000.061037018952,-573.68694112979517,-28.015991698965422,2.7548448133793144,-13.37137974181341,73.677785576952417,1,1
rand008,-2.6065092354773984,13.424399506855082,-10.886877196503601,0.58841330505950373,0.34094430123719838,-0.51602840623562207,-0.52080845791975527,0.2210261860694871,3.1128683174253871,8.6764443864871144,-8.4206585905533338,-20.582094967808189,-20.266507612479636,-22.277003754835633,-38.212097356345701,34.595550307540996,186.26307618863146,-62.178549488182611,-110.2752200602679,-1703.7239106530185,-2185.7216790810521,-672.60715657920787,1.3901725167885239,-11.607807832769996,179.94411664951704,2,0,-4270,21994,-17837,362,5100,14215,-13796,-32768,-32768,-14599,-25042,22672,30516,-10187,-18067,-27913,-32768,-11020,11388,-19018,29481,794963080,2,0,-2.6062807092501603,13.424481948301645,-10.887173070467238,0.58907197713746617,0.34040756980800524,-0.51614643714791042,-0.52029774897483727,0.22095400860621967,3.1128879665517135,8.6764122440260021,-8.4206671346171458,-20.00061037018952,-20.00061037018952,-22.27698599200415,-38.212225714896086,34.595782341990414,186.26056703390606,-62.178411206396682,-110.27558214056826,-1703.7263100070193,-2000.061037018952,-672.6279488509781,1.3901791436506241,-11.608020264290293,179.94323557237465,2,0
rand009,9.9832074917970548,-7.7415072299402379,7.6601679152905433,-0.74194828137488344,-0.36911084524310328,-0.28503511517770769,-0.48168964573095141,4.777847302520275,1.9983335371063324,-2.6101792931380325,21.023686082677028,0.44302492331176602,13.739336040705103,-44.234178785723181,-31.558276000015063,-16.305220488139241,82.141364878818507,-125.52645709062247,61.424274620985798,796.62897348147305,-95.813106564821737,-1268.5081258170953,2.4379590447723638,1.1502717486159635,114.22717682821811,0,1,16356,-12683,12550,7828,3274,-4276,32767,726,22510,-28988,-20681,-10685,13458,-20566,10063,13052,-1570,-20783,19971,1885,18714,817576796,0,1,9.983214819788202,-7.741325113681448,7.6601458784752952,0.74185205824044043,0.36946675259649348,0.28505674544898002,0.48155217192351962,4.7779778435621205,1.9983520004882962,-2.6099429303872799,20,0.44312875759147924,13.739432966093936,-44.233527634510331,-31.557664723654895,-16.304513687551498,82.143620105594039,-125.52873317667165,61.421552171391951,796.65517136143069,-95.828119754631189,-1268.5323648792994,2.4379406109805597,1.1505478072450941,114.22467726676228,0,1
rand010,-3.374512699723148,-1.0074282947581423,3.8479298842923835,0.55853373835147768,-0.25446637636092329,-0.78645234351464344,0.069134924641524084,-21.288010600848278,19.69787209883329,18.654497594832804,20.475165031039356,-0.2817423563391368,6.8277236832109462,-41.308789211095643,-3.4423082901618471,36.030483112070691,168.92592707986347,112.77059479638605,192.82248840023533,1397.8461158131561,-286.40727520409672,854.83898233988839,-0.31008236142270684,14.267693868711566,-104.8452033612067,1,0,-5529,-1651,6304,-32768,32272,30563,32767,-462,11186,-27071,-2256,23612,27676,18476,31591,22902,-4692,14005,-2540,23375,-17177,2261443022,1,0,-3.3747367778557695,-1.0077211828974273,3.8477736747337259,-0.55904332602615492,0.25461379205151613,0.78603773686579426,-0.069188530448781552,-20.00061037018952,19.697866756187629,18.654744102298043,20,-0.28199102755821404,6.8276009399700914,-41.308328501235998,-3.4424878688924831,36.030152287362284,168.92605365153966,112.77199621570483,192.82204657124547,1397.8698080385755,-286.38569292275764,854.82345042268139,-0.31006805627613149,14.267403180028687,-104.84328745384076,1,0
rand011,-12.402226694438406,-1.23923528716012,3.0918654226794171,0.33925930239041546,-0.40644471707140523,-0.69461692763432659,-0.48704531775817606,-15.104303283529321,16.447450180064028,0.55703930328768436,6.3299598783411346,-12.576271756022672,-21.521167457532723,53.931846409420636,16.593354331180439,44.748890626153823,43.336465954231087,66.109025462169356,118.02704721222854,1037.6774740577573,-5.4737699207946466,-1367.146217526818,0.31140682629337252,-7.3004575379877839,-20.218274530653936,2,1,-20319,-2030,5066,-24746,26947,913,10371,-20604,-32768,32767,10874,29326,7100,10831,19337,17001,-90,-22399,2551,-11961,-3312,2428279648,2,1,-12.402111880855738,-1.2390514847254861,3.0921353801080356,-0.33902379919902964,0.40682855903883552,0.69447778493457968,0.48708725435942213,-15.104220709860531,16.447645496993928,0.55726798303170877,6.330149235511338,-12.576067384868923,-20.00061037018952,50,16.592913602099674,44.749290444654683,43.336283455916011,66.109195226905115,118.02728354747154,1037.6903592028566,-5.4933317056794948,-1367.1681875057222,0.31141087069307533,-7.3006378368480487,-20.215460676900541,2,1
rand012,-20.683161115350881,0.84826606322781828,14.291311831597334,0.28144327625934856,0.15601266090639393,0.9270939658205436,0.19221475079828637,-14.767906169619835,17.764226780875674,-0.72687619815421423,-2.1872596825436368,-11.314878487852063,3.1257500183210718,-48.332412899529785,49.819159166678944,-10.79844143334496,-185.00106507012376,155.56634491874161,-144.22114603894144,-410.13846797316728,1814.8543275355034,2048.7804084301688,3.543083667744741,-17.231271720218228,-4.2652806966869283,0,0,-32768,1390,23414,-24195,29104,-1191,-3583,-18538,5121,-31674,32648,-7077,-30310,25487,-23628,-6720,29734,32767,29024,-28231,-699,2897856139,0,0,-20.00061037018952,0.84841456343272192,14.291207617419966,0.28090543362205311,0.1563660788142463,0.92717071152959163,0.19234411464761272,-14.767906735435041,17.764213995788445,-0.72695089571825311,-2.1869563890499588,-11.315042573320719,3.1257057405316324,-48.332163457136751,49.818414868617815,-10.798974578081607,-185.00320444349498,155.5650502029481,-144.21826837977233,-410.16876735740226,1814.8747215186011,2000,3.5430768761253701,-17.231360820337535,-4.2664876247444079,0,0
rand013,-17.726362653671245,-1.0501344787862084,-2.4692177534375235,-0.067818751353191681,-0.99595361538645155,-0.044740599888445254,0.038409525969114185,-17.935846869181912,-8.1165343512065462,16.058186785073865,8.66600490169394,3.0793924553678464,-3.3946131512592737,37.186521810098014,-16.420691167726538,31.564476263197498,-65.982402751079945,-23.007988894956295,82.875851812171277,2093.0787800721096,-1863.3621483178806,-1423.0530140441365,-2.4926174392541394,-7.9283794168830211,-203.52921650489259,1,1,-29042,-1720,-4045,-29385,-13298,26309,14198,5045,-5562,24370,-10761,20685,-10810,-3770,13578,32767,-30528,-23315,-20419,-12989,-32768,1662550500,1,1,-17.72637104403821,-1.0498367259743033,-2.4689474166081729,0.067804759839805939,0.99596210670758134,0.044280659487220202,-0.038745577051317676,-17.935728019043548,-8.1167027802362135,16.058229316080201,8.6660359508041633,3.0793176061281167,-3.3948789941099276,37.186803796502581,-16.420484023560288,31.563768425550098,-65.98101748710593,-23.010956144901883,82.876064333017979,2000,-1863.3381145664846,-1423.0780968657491,-2.4926297799615469,-7.9280983916745509,-200.0061037018952,1,1
rand014,-16.947439607511736,13.387261127876464,15.923399122700683,0.72488152079731671,0.53568005011379027,-0.30779898403748113,-0.30471864094956636,-20.369572065273211,9.5587194952537793,20.327024467579154,16.357159419240556,-7.5725410144308025,8.0253004740285547,5.6238984340991705,8.643302951519777,-48.402386053589211,-147.09744061039467,-33.565308934255413,-40.781138775312684,2119.2402476749285,1318.7366788540126,-946.81890654907215,2.4801642988898491,9.2769015410304547,-181.27258758073222,2,0,-27766,21933,26088,-32768,15661,32767,26799,-12406,13148,3686,5664,-31720,-24100,-5499,-6681,32767,21606,-15512,20317,15199,-29699,942967076,2,0,-16.947538682210762,13.387249366740928,15.923337504196295,0.72537698803524453,0.53551922567356924,-0.3071970751925901,-0.30442953397463884,-20.00061037018952,9.5590075380718407,20,16.357310708944976,-7.5722525711844231,8.025147251808221,5.6245612964262826,8.6428418836024044,-48.40235602893155,-147.09921567430646,-33.56425672170171,-40.778832361827448,2000,1318.7658314767907,-946.80623798333693,2.4801782280953399,9.2770165105136257,-181.27384258552812,2,0
rand015,-10.66652018388899,13.427400245322762,10.859571691489654,-0.77355014471076433,-0.31188684843344117,-0.32997099689880038,-0.44211526618951219,-14.958664492132666,12.21170298336266,-11.311790797354847,16.814560016080726,-12.360225091644892,-0.43775936190613596,35.420444169306009,18.878452864210907,-46.352030105926637,193.58640479855035,-153.41199679351519,-65.885503946339654,1075.4967831108936,-1977.7100659165721,-468.01409445819911,-3.8593073872211701,14.734531595045461,28.305600389218707,0,1,-17475,21999,17792,-24508,20007,-18533,27548,-20250,-717,23212,12372,-30376,31716,-25134,-10794,17620,-32402,-7668,-31614,24140,4637,773569344,0,1,-10.666219061861019,13.427533799249245,10.859706411938841,0.77364163224836857,0.311348387019517,0.32933740493620017,0.44280659487220198,-14.958952604754783,12.211676381725516,-11.311990722373119,16.814477980895415,-12.359996337778863,-0.43763542588579973,35.419782097842344,18.878749961851863,-46.351512192144533,193.5850093081454,-153.41044343394267,-65.883358256782742,1075.472273934141,-1977.721488082522,-468.03186132389294,-3.859248634296701,14.734336375011445,28.302865688039795,0,1
rand016,2.5499086756727189,-13.026383357830227,-21.172638428757892,-0.68927778055283029,-0.53962704462154087,0.0043108498747525589,0.48340481019797793,20.321843887408033,-18.939062054197024,-0.40172098975858184,7.9334724721864944,4.0216721430992033,-2.4302154054078997,-48.502742063817266,-0.61411020603373223,-9.4671953850648691,-186.77587597502742,165.39509904629824,-83.478139051171112,565.20701572728592,-1784.2987347971136,76.271091742535106,0.77986316725397764,10.694438439977535,-18.570263706803473,1,0,4178,-21342,-32768,32767,-31029,-658,12998,6589,-3982,-31786,-402,-6204,-30600,27098,-13677,9260,-29233,1250,6388,17521,-3042,946336931,1,0,2.5501266518143253,-13.026520584734641,-20.00061037018952,0.68957331225497098,0.53967053750049621,-0.0041513118269268946,-0.48293594253249533,20,-18.939176610614339,-0.40162358470412307,7.9335917233802302,4.0217291787469103,-2.4304940946684166,-48.503067110202338,-0.61342204046754356,-9.4668416394543282,-186.77327799310282,165.39811395611437,-83.48033082064272,565.20279549546797,-1784.2951750236518,76.296273689992987,0.7798089541306803,10.694296090578936,-18.567461165196693,1,0
rand017,0.26369890807609941,11.939145186168965,19.851622611245528,0.020392144415836141,0.44130132193916127,0.076854149606766883,-0.8938292585214993,-19.539464358990635,18.218069960540689,9.2140392867978917,18.157883585981097,17.206404231966854,-5.2811474201626289,27.855004534431608,-1.6597126195775558,4.7904756545169258,75.0649256121402,-207.1516370452062,81.063986218353122,-1128.9431565495288,-1349.7901533723286,1541.8394911363227,4.2142600408301814,-19.263017848033094,-111.45414551228964,2,1,432,19560,32524,-32012,29848,15096,29749,28190,-8652,18254,-1088,3139,12298,-32768,13281,-18496,-22114,25261,32767,-31560,-18260,3742565832,2,1,0.26367992187261574,11.938840907010102,19.851680043946654,-0.020756559134634468,-0.44142282426322632,-0.077491154102635337,0.89370586688698028,-19.539170506912441,18.218329416791285,9.2141483809930715,18.157902768028809,17.206335642567218,-5.2809228797265542,27.854243598742638,-1.6602069154942471,4.7898800622577591,75.063325907162692,-200.0061037018952,81.06326487014374,-1128.9407025360881,-1349.7726371044039,1541.8561357463302,4,-19.263283181249427,-111.45359660634175,2,1
rand018,-6.4004785147783299,-9.3102996611427074,-7.2226921869921838,0.46122934536006255,0.79352238688207288,-0.39500668179125448,0.039489667458321824,-20.184981660971708,-10.314590095904761,-7.7962882478869524,-13.99484913104938,20.986457692210262,8.1183350264622742,9.5919685413678355,-52.233094862147148,-50.524940759543021,99.601776144200954,122.99314372064363,152.69228469976528,645.56951366529904,1552.5152573585585,-1488.4050992189705,-3.2019553318785761,-17.14838501543505,66.704067765266473,0,0,-10486,-15254,-11833,-32768,-16899,-12773,-22928,32767,13301,6286,-32768,-32768,16318,20151,25016,10577,25436,-24385,-26230,-28095,10928,1960021533,0,0,-6.4003418073061313,-9.3105868709372235,-7.2225104525894954,0.46079561278888514,0.79405648097872583,-0.39437462355805486,0.040129347660293302,-20.00061037018952,-10.314645832697531,-7.7962584307382423,-13.994567705313273,20,8.1185338908047733,9.5919675283059167,-50.0015259254738,-50.0015259254738,99.600207525864434,122.99569689016388,152.69020661030916,645.58854945524456,1552.5376140629292,-1488.3877071443831,-3.2020020142216254,-17.148350474562822,66.701254310739458,0,0
rand019,17.999902718210283,3.9135110372964586,-7.2664311311812995,0.77272346944739345,0.1959759569025081,-0.55496707475078633,0.23770445941101861,-21.144797261326822,19.983843919488695,-18.783994726392812,3.5753916316190733,1.9282967666047228,-4.8706672489760194,12.775904821425332,-40.344136836812872,-10.102981759117037,-48.146189572592647,187.5608095786034,133.08868345940584,-1465.9340305936475,-1573.2699556738992,-1170.6403625116125,2.8910722937089388,17.497793681316899,-108.41096199906113,1,1,29490,6412,-11905,-32768,32741,-30775,5858,3159,-7980,8373,-26439,-6621,-7888,30729,21805,-24017,-25776,-19179,23683,28668,-17762,685883052,1,1,17.999816888943144,3.9136936552018797,-7.2664571062349319,0.7725518316472022,0.1964954264745396,-0.55489201419922807,0.23800854474380856,-20.00061037018952,19.984130375072482,-18.784142582476271,3.5755485702078311,1.9281594286935027,-4.870754112369152,12.776573992126224,-40.343943601794486,-10.103152562028871,-48.146000549333174,187.56065553758356,133.09121982482375,-1465.9260841700491,-1573.2902005066073,-1170.6289864803002,2.891079439680166,17.49809259315775,-108.41395306253243,1,1
rand020,-6.7677410010034773,-9.67993569563418,-3.247766558318177,0.089949422375122517,0.44527803655084536,-0.58888318238958326,0.66847076905315972,-15.983159052751185,8.7723739306071753,20.091379977505369,-15.822161372320924,17.01598507702694,17.691363806488951,-9.4031649489560021,-19.345477877268451,-53.363958894804249,218.20304518326267,-160.37280562113122,-196.39305052821823,1305.7844859763152,261.65291940103049,561.66644316383031,0.75469675327181618,20.973648535855432,12.576387661757771,2,0,-11088,-15859,-5321,-26186,14372,32767,-25922,27878,28985,-6162,-12678,-32768,32767,-26275,-32176,21393,4287,9202,6182,32767,2060,3827107926,2,0,-6.7677846613971377,-9.6798608355967897,-3.2477797784356213,0.089945089583416016,0.44557413609015323,-0.58948627942361886,0.66774208829355963,-15.98315378276925,8.7722403637806323,20,-15.822016052735984,17.015900143436994,17.691579943235574,-9.4027527695547342,-19.345683156834621,-50.0015259254738,200,-160.37476729636523,-196.39271217993712,1305.7649464400158,261.66570024719994,561.66264839625228,0.75466170232245855,20,12.573625904110843,2,0
rand021,20.495541466574327,-18.544152780072572,-9.4927801445913964,-0.74743347905308921,0.13795617784946379,0.62295198151298536,0.18504625398209895,15.198742627523727,17.12414965654467,-0.7567790126043672,-6.2981606041360205,-18.170482352891106,-8.5056866917101601,24.906416163461934,-34.75528751646258,51.355075435770864,-194.4949215467125,-34.778795851553674,65.014413322480422,-960.9576686240863,330.34182874379297,-672.89700518230939,-1.7989944519276948,17.409446315288029,41.013639570181176,0,1,32767,-30382,-15552,24901,28055,-1240,-10319,-29770,-13935,16322,-22777,32767,-31865,-5698,10652,-15744,5412,-11024,-14737,28523,6719,432077178,0,1,20,-18.544267097994933,-9.4924771874141669,0.74747440690520628,-0.1383770608975631,-0.62269677403903401,-0.18542526160273456,15.198828089236121,17.123935666982025,-0.7568590350047304,-6.2984099856563009,-18.170720542008727,-8.5055085909604173,24.906155583361308,-34.756004516739402,50,-194.49446089053009,-34.7788933988464,65.016632587664418,-960.96682638019956,330.3323465681936,-672.87209692678607,-1.7990050965910824,17.409588915677357,41.010773033845027,0,1
rand022,12.230071684634865,-5.7891008325748192,20.469013716682586,0.37979090768118973,0.61052170952157137,-0.51549374506848678,-0.46614193915675733,-12.06983665616197,-12.746438928783228,8.7102008197171372,12.157420429457702,-4.4011543250455265,6.4679548679981611,3.2675522630084028,3.8425597530623401,0.43797412949532766,-201.91084885785116,175.3564162093239,16.517530459676493,-1772.3897646040978,-754.2421425143433,1891.2436686910762,-2.1502655655557033,-14.134757296515867,111.35347718699117,1,0,20037,-9485,32767,-19775,-20883,14270,19918,-7211,10597,2141,2518,287,-32768,28730,2706,-29038,-12357,30985,-17614,-23158,18244,1898065071,1,0,12.229987487411115,-5.7893612475966671,20,0.37915314685932294,0.61022244250548263,-0.51614643714791042,-0.46633069522478765,-12.070070497756889,-12.746360667744987,8.709982604449598,12.157353434858242,-4.4013794366283152,6.468092898342845,3.2670064394054994,3.8422803430280466,0.4379406109805597,-200.0061037018952,175.35935544907986,16.51661732840968,-1772.392956328013,-754.23444318979466,1891.2320322275459,-2.1502121036408584,-14.134952848902859,111.35593737601856,1,0
rand023,5.3548855559635022,-11.955596762810456,16.059644519484543,-0.33511707733769447,-0.53083806856816318,-0.74802802571907057,0.21531735223686285,2.1899017963120602,15.306589215385538,11.988206552420131,6.363369102302789,-17.256673132439911,15.417954036051828,-10.844972344679668,20.133139712073358,12.782089409248876,-200.77944109473754,68.64152308502068,-62.599677066741336,855.24247815194087,1351.0225606673498,482.64723410832573,2.0490594841613707,0.020264890205457409,146.66470633947125,2,1,8773,-19587,26311,3588,25078,19641,10425,-28272,25260,-7107,13194,8377,-32768,11246,-10256,14012,22134,7907,16785,33,24029,2939027812,2,1,5.354777672658467,-11.95532090212714,16.059450056459241,0.33487248737210279,0.5313679138466425,0.74760248199702783,-0.21586821500019848,2.1900082399975584,15.306863612781152,11.988280892361217,6.3631092257454149,-17.256385998107852,15.417950987273782,-10.844752342295603,20.133060701315348,12.782677694021425,-200.0061037018952,68.642231513412881,-62.599566637165438,855.25070955534534,1350.9933774834437,482.61970885341958,2.0490127262184514,0.020142216254158147,146.66585283974732,2,1
rand024,-9.1952373027175032,-20.655562220974399,-2.0426004546051955,0.046130851876746676,0.31042060392701398,-0.24145263177319498,-0.91826554970363095,16.090076050879276,-6.4556607216158337,-17.035134057826191,-17.775714384329753,-2.5350581242257522,8.601092100927568,44.201495063383163,-8.5162999348155726,-21.301564122276375,-80.576645408217402,86.02254280132459,195.04566772113824,-328.86400515639798,2192.8731641107365,-1022.2224619745058,3.3272153764192258,7.4609777051915689,54.488662253931103,0,0,-15065,-32768,-3346,26361,-10577,-27910,-29123,-4153,14092,28967,-5581,-13960,-13201,14094,31955,-5388,32767,-16748,27256,12224,8927,3723788974,0,0,-9.1952269051179538,-20.00061037018952,-2.0422986541337322,-0.045664430096195828,-0.30996461641054135,0.24077608596175981,0.91862047267976277,16.089968565935241,-6.4558854945524464,-17.035431989501632,-17.775811029389324,-2.5348673970763267,8.6013367107150493,44.201483199560535,-8.5161900692770161,-21.301919614246039,-80.574968718527785,86.025574510940885,195.04379406109805,-328.86745811334572,2000,-1022.247993408002,3.3272499771111179,7.4611651966917938,54.487746818445387,0,0
rand025,-17.034837991329461,-20.780889875222492,-9.9391292257303281,-0.34741301882084874,-0.93709955350946006,0.033887867018079075,-0.00048335816970041933,-17.670515083465251,-2.0725628873099047,19.636184284124134,-9.9127217418233791,-21.490884642131238,1.5034644009939093,-6.6817429331866602,20.377334253634043,50.720979195460743,4.8314480638838031,7.9956288521452912,139.46566516627072,-1896.2190863657449,-1339.0431042001144,614.20566438441108,-1.5587191426948868,-14.779367353986947,214.37704490721509,1,1,-27909,-32768,-16284,-28950,-3396,32171,-16241,-32768,2463,-4379,13354,32767,792,1310,22849,-31067,-21938,10063,-12769,-24214,32767,1874305536,1,1,-17.034821619312112,-20.00061037018952,-9.9392681661427655,0.3473264228528834,0.93715602704972212,-0.03321049461541515,0,-17.670216986602373,-2.0728171636097295,19.636219367046113,-9.9130222479934087,-20.00061037018952,1.5033417767876216,-6.6820276497695854,20.377208777123325,50,4.8341319009979555,7.9958494827112645,139.46348460341196,-1896.2370677816095,-1339.0301217688527,614.21552171391954,-1.5587633899960327,-14.779503769035919,200,1,1
rand026,-8.5787643896571062,2.142620210291482,17.378100482604154,0.38248838012687292,0.27380048746837998,0.32068014216078161,0.82213148495465083,-1.5529837233727792,-18.995818257110741,-3.2032915126537644,12.299866969928143,-4.3187869188659169,6.9642797968674541,-48.011870294992008,-35.729409022057141,-9.5293484931144334,17.27212736773291,87.979630817272877,-201.31321905203151,1997.9401109693617,1447.6045146664758,986.55777175048036,-1.9736341342257024,-9.5426077637000368,-62.456346228540724,2,0,-14055,3510,28471,-2544,-31122,-5248,20151,-7076,11410,-31464,-23415,-6245,2830,14414,-32768,32733,23717,16163,-16168,-15634,-10233,4048231144,2,0,-8.5787530137028103,2.1423993652150028,17.377849665822321,0.38192068807727425,0.27398658057717501,0.32103478128234647,0.82219499566052134,-1.5527817621387372,-18.995941038239692,-3.2032227546006653,12.299569689016389,-4.3189794610431225,6.9643238624225594,-48.011719107638783,-35.729544969023713,-9.5294045838801225,17.27347636341441,87.978759117404707,-200.0061037018952,1997.9247413556322,1447.6149784844508,986.54133732108528,-1.9736930448316905,-9.5425275429548027,-62.459181493575855,2,0
rand027,-20.018229466123881,-17.494375141864523,-20.378794544116104,-0.85688742343697011,0.31544693600624796,0.38620088692659743,-0.13071361465788545,9.1197094515696726,14.10148860135547,13.844152850866484,20.969347458348324,12.855046055657958,-19.698656265345154,15.04034033280907,0.56961688034242397,37.359346299232705,6.9516236541425247,-95.219817225619437,-26.060414154137387,2155.4355010311406,-835.18308496424379,1938.770008136466,3.9850187311084455,20.75967782044469,-160.7145991609766,0,1,-32768,-28662,-32768,14941,23103,22682,32767,21061,-32273,9857,373,24483,1139,-15600,-4270,32767,-13683,31764,32644,32767,-26331,298034782,0,1,-20.00061037018952,-17.494430372020631,-20.00061037018952,0.85702333205899717,-0.31549969884644397,-0.38607199990420116,0.13007443724370935,9.1195410016174812,14.101382488479263,13.844416638691367,20,12.855006561479538,-19.698477126377149,15.041047395245217,0.56917020172734767,37.35923337504196,6.95211645863216,-95.217749565111234,-26.0628070925016,2000,-835.16953032013919,1938.7798699911496,3.9849848933378094,20,-160.71657460249642,0,1
rand028,-1.164286633026681,-15.732430084034272,-10.689161553181926,0.53512257343346248,0.7177503987097279,-0.43711316617649737,0.086082962943506355,18.898691139236764,21.181881695113788,-3.2541536149591432,-13.930991725898895,3.2383663753328737,-20.370961722110959,-32.646243414672185,1.8791707986408446,-23.452682565177952,-78.303136592388043,212.89130643274277,-127.70154299227801,-922.58383449683993,596.7163481436462,1167.9647075360422,3.2752764895906599,-0.29149258035053061,28.534369507718193,1,0,-1908,-25775,-17513,30963,32767,-5331,-22824,5306,-32768,-21394,1231,-15369,-12829,32767,-20922,-15115,9776,19135,26830,-478,4675,2016612926,1,0,-1.1645863216040528,-15.732291634876553,-10.689413129062777,0.53551922567356924,0.71739264774872225,-0.43727151243629941,0.085793777756489123,18.898892178106021,20,-3.2538834803308205,-13.931089205603199,3.2386242255928219,-20.00061037018952,-32.6456495864742,1.8784142582476271,-23.451948606830044,-78.304391613513602,200,-127.70165105136265,-922.57454145939516,596.69789727469708,1167.9433576464126,3.2752464369640188,-0.29175695059053314,28.534806360057374,1,0
rand029,-13.713493711503206,20.041647785274414,7.2381092436974477,-0.60404994349121521,-0.1545443384322889,-0.78159516843252419,-0.018673668887502923,-12.33358333460567,4.6032095200425331,-20.064922681604301,5.4834874441319661,-11.280373289846109,-14.145441624188091,54.156856247100087,4.1156736896012251,14.020186686212654,168.495960542143,-63.377836589956395,70.08677000835317,-500.80314931894173,2028.8259710515565,-2108.087833116173,-4.163907246282549,-16.471802856517826,14.040411915373276,2,1,-22468,32767,11859,-20207,7542,-32768,8984,-18481,-23175,32767,2697,9188,27606,-10384,11483,-8205,32767,-32768,-32768,-26987,2300,3143221773,2,1,-13.713797418134098,20,7.2383800775170144,0.60470775612235084,0.15498230820527067,0.78101562664471147,0.017989017916683205,-12.333750419629505,4.6034119693594162,-20.00061037018952,5.4835657826471751,-11.280251472518081,-14.145329142124698,50,4.1154210028382217,14.02020325327311,168.49879451887568,-63.380840479750972,70.088808862575149,-500.8087405011139,2000,-2000.061037018952,-4.000122074037904,-16.472060304574725,14.038514358958709,2,1
rand030,-2.2851479688297491,12.253471046093466,5.82537879999472,0.79585474920429922,0.27399423985616567,-0.050377375196653085,-0.53759138270893048,1.1561121308302424,-15.708866431886634,21.953972106242318,1.1078238901545228,13.820316949191353,-7.749313533962253,18.056861810720335,19.213834763883007,15.239763506202003,-154.76122928046902,52.458305041748332,-149.98928402851124,122.05613182605717,1621.2898327945188,-1607.1880213086163,1.6346865448136512,-18.940423385308538,-64.868788181886671,0,0,-3744,20075,9544,1894,-25737,32767,1815,22643,-12696,11833,12592,9987,-25355,8595,-24573,2000,26562,-26331,13391,-31031,-10628,744976508,0,0,-2.2852259895626696,12.253181554612873,5.8253730887783437,0.7963572804357989,0.27398658057717495,-0.049815741923122721,-0.5369029962825449,1.1560411389507737,-15.709097567674794,20,1.1078218939786981,13.820612201300088,-7.7492599261452071,18.056276131473737,19.214453566087833,15.239417706839198,-154.75936155278177,52.461317789239175,-149.9862666707358,122.07403790398877,1621.2652974028749,-1607.1657460249642,1.6346934415723136,-18.940397350993379,-64.870143742179636,0,0
rand031,-11.808850577250446,-15.227915542043139,-13.026897861012669,-0.6078969471868777,-0.18993735384739574,0.016558805784132751,-0.77078590358498833,20.747747519923731,10.521775609454245,-8.1934103088889003,14.092509854587739,1.5222263742477224,-5.3478826527332801,14.229880881931013,-39.639819846321657,19.069718258274484,-88.837880936214347,72.859470773955124,173.02121898411326,1217.4719210968387,-751.07129299264432,1874.005087778246,-2.4247090099055426,-6.3267068560650577,-61.965421589341844,1,1,-19347,-24949,-21343,32767,17238,-13424,23088,2494,-8762,9325,-25978,12497,-14555,11937,28347,19946,-12305,30703,-19863,-10365,-10152,4219086324,1,1,-11.808832056642354,-15.22812585833308,-13.027130954924161,0.60747529734030203,0.18957657342966147,-0.016605247307707575,0.77120603711967251,20,10.521561326944791,-8.193609424115726,14.092226935636463,1.52226325266274,-5.3480636005737479,14.229255043183691,-39.640491958372756,19.069490646076847,-88.839381084627831,72.859889522995701,173.02163762321848,1217.44438001648,-751.06051820429093,1874.0195928830835,-2.4247566148869288,-6.3264870143742176,-61.9647816400647,1,1
rand032,12.341792809484678,21.087213428867592,11.935665774270319,-0.56081218633711283,0.71493868686463957,-0.22788195815614853,-0.34988880923369303,10.081697152219295,-9.5931541422820796,-12.585248462267613,-21.40344842071779,12.669789119696649,-16.037248291717024,-49.307859650979239,-29.393376005326413,32.207931896656554,216.22853309986655,-71.310215409273155,-16.965082186381956,-626.793440567625,-1266.1635618088437,-775.87130683309692,-1.9020073715679351,-0.6434051509481904,-68.028543797699939,2,0,20220,32767,19555,16517,-15717,-20619,-32768,20758,-26275,-32313,-19263,21107,32767,-11683,-2779,-10269,-20744,-12711,-15581,-1054,-11145,1186295043,2,0,12.341685232093264,20,11.935789056062502,-0.56042709663513057,0.71499977711746765,-0.22832215048097912,-0.35009396407083465,10.081484420300912,-9.5931882686849566,-12.585222937711722,-20.00061037018952,12.670064394054995,-16.037476729636523,-49.307229834894862,-29.393902401806695,32.207708975493638,200,-71.309549241615045,-16.962187566759241,-626.78914761803037,-1266.1519211401715,-775.84154789880063,-1.9020355845820489,-0.64333017975402085,-68.025757621997741,2,0
rand033,17.81736535779708,4.8336453840210236,5.9654549065007121,0.44337578863631533,0.30563485699213583,-0.82362314519173074,0.17790491546610895,-9.1083143197981968,-20.891999004286383,14.061930608224468,-11.776897032447678,-4.4795078037099465,19.116152925083448,-38.964446257780828,42.55007956830287,-24.388972790016194,-195.83174326395905,-212.8373082018262,-152.73468015019003,-705.41480107022574,-432.79845727139735,-1301.2061881490499,0.99862446961108076,15.062096055434051,64.764200630399714,0,1,29191,7919,9774,-14923,-32768,23038,-19295,-7339,31319,-25535,27885,-15983,-32084,-32768,-25023,-11557,-7091,-21318,8180,24677,10611,2349108607,0,1,17.817316202276682,4.8335215308084356,5.9657582323679312,-0.44280659487220203,-0.30581330458361455,0.82373296909927718,-0.17850640855785643,-9.1085543382061225,-20.00061037018952,14.061708426160466,-11.777092806787316,-4.4795068208868676,19.116183965575122,-38.964506973479416,42.550431836909084,-24.388866847743156,-195.83117160557879,-200.0061037018952,-152.73293252357556,-705.40482802819906,-432.81350138859216,-1301.1871700186164,0.99856563005462817,15.062105166783654,64.766380809961248,0,1
rand034,2.0865607598973188,-11.092197918250346,11.882824216988055,-0.71775158954743401,0.01001878837637107,-0.50822427788933344,0.47585750277311711,19.307296902852922,2.4869770367164423,-2.267381668704429,-11.547308268240506,20.43051897939943,15.082172759366253,48.795883983052377,-21.683974795914416,44.109006671516838,155.25564828926946,-207.33260623845155,171.23894478286414,-1021.7628424272029,-1870.7841484963124,837.33172051579675,-1.3996446648606951,14.418387258665261,181.28978512582711,1,0,3419,-18173,19468,31632,4075,-3715,-18919,32767,24710,31978,-14210,28906,25436,-32768,28055,-16740,-30650,13718,-11466,23622,29702,530431144,1,0,2.0868556779686882,-11.092257454145939,11.882686849574267,0.71791960927233123,-0.0096863942628294172,0.50784381349405661,-0.47601708948761712,19.307229834894862,2.4872585222937711,-2.2675252540665913,-11.547593615527818,20,15.082247383037812,48.796044801171909,-21.683400982696003,44.108401745658739,155.25376140629291,-200.0061037018952,171.23935666982024,-1021.7596972563859,-1870.7846308786279,837.30582598345893,-1.3997009186071352,14.418164616840114,181.29215369121371,1,0
rand035,7.2908645013576212,5.0611269957858891,1.1345428529329169,-0.071077633799465231,0.43109143961705387,-0.88058830929907728,0.18350032748787615,-17.7445986362907,-13.857603529636414,14.263723531760775,17.080912419529881,16.082001368401777,8.7954477915188818,-17.068871775415328,23.586505009166228,33.771270886526032,64.650638883084198,-95.741223181889794,-92.196136862069693,-1610.0509821787862,-1305.3294391101288,82.532243569051374,1.7917514322623445,-0.26158641971804331,-0.16051343810217666,2,1,11945,8292,1859,-29072,-22704,23369,27985,26348,14410,-11186,15457,22132,10592,-15686,-15105,-26378,-21386,1352,14678,-429,-26,2738037115,2,1,7.290871913815729,5.0611896114993744,1.1346781823175756,0.070572301057757192,-0.43173643000039691,0.88019994031283588,-0.18404149099375894,-17.744682149723808,-13.857844782860806,14.263740958891567,17.08120975371563,16.082033753471482,8.7954344309823913,-17.069002349925231,23.586230048524431,33.771782586138492,64.650410473952448,-95.742667928098385,-92.196417126987512,-1610.0344859157078,-1305.3376873073519,82.522049623096407,1.7918027283547471,-0.26184881130405591,-0.15869624927518539,2,1
rand036,21.996100441423369,10.08502347110133,17.954495707256875,-0.40013955647636934,-0.14490800866326323,0.87791094638883194,0.21945927772324342,5.2232559941934689,19.76028462858774,13.436827087868693,-4.2859915392658587,-20.186936562792841,1.0045896775026062,-30.20815865120116,45.556335396230132,-29.898518499194989,196.64759014909811,-16.499219277505624,217.84944087129895,-1285.9318370295834,1899.0461160736254,1200.5343558934021,-0.13161432196695683,-13.745142062675859,184.71202141158827,0,0,32767,16523,29416,8558,32374,22014,-7022,-32768,1646,-19797,29855,-19594,32218,-2703,32767,-21068,31113,19669,-1078,-22519,30262,2381733535,0,0,20,10.085146641438032,17.954649494918669,-0.39990970599395742,-0.14529591394244129,0.87781133067318362,0.22001952682712536,5.2235480819116793,19.760124515518662,13.436689352092044,-4.2860194708090456,-20.00061037018952,1.0046693319498277,-30.208746604815822,45.556505020294807,-29.898983733634449,196.64906765953552,-16.498306222724082,200,-1285.9279152806178,1899.0447706534012,1200.5371257667775,-0.1315958128604999,-13.744926297799616,184.71022675252541,0,0
rand037,2.104773163257827,11.805563524563739,2.9616329414226144,-0.35668409690882991,-0.15794391662512275,0.85842550809195994,0.33307029478851641,10.311258613132036,21.975251658768048,-13.169727670364477,-17.504151926197149,-14.433779949981751,-18.818947897376674,-19.192129321018669,-39.107783887092609,25.911883281454614,-78.099726308137818,191.96471661357108,111.3677525548392,-855.92022822725414,-2052.4775324009493,-460.78708280553735,1.455822062209996,-21.716347850161895,44.074827456871695,1,1,3448,19342,4852,16893,32767,-21577,-28678,-23648,-30832,-12577,-25629,16981,-12795,31451,18246,-14023,-32768,-7549,11926,-32768,7221,2414230257,1,1,2.1045564134647665,11.805780205694754,2.9615161595507677,-0.35701281711571281,-0.15774984942322196,0.85816205300265769,0.33348871676312708,10.310983611560411,20,-13.169957579271829,-17.504196295052949,-14.434034241767632,-18.81893368327891,-19.191564683980836,-39.107943968016599,25.911740470595415,-78.096865749076812,191.96752830591754,111.36814477980896,-855.92211676381726,-2000.061037018952,-460.76845606860559,1.45585497604297,-20.00061037018952,44.074831385235143,1,1
rand038,-0.58989291637687291,18.262188767174937,-21.157641470010308,0.73199460967180396,0.22063793524804959,0.24629156761950957,0.59568721377953482,3.2581710798126746,-10.705184572419785,9.7502875147226504,-1.199061758716327,2.8958266441919895,-19.670380576598571,20.433789221903734,-44.620898142791411,-18.850373266652429,214.36113043795558,119.15716334171553,86.488874184889568,754.47244425212068,72.13168166064716,-34.057015209357068,-0.34558329300399976,-21.37921502344393,-202.06774306051241,2,0,-966,29920,-32768,5338,-17539,15974,-1964,4744,-32227,13391,-29242,-12353,32767,19522,14170,12361,1182,-558,-2831,-32768,-32768,704301998,2,0,-0.58961760307626576,18.26227607043672,-20.00061037018952,0.7327153574671319,0.22001952682712533,0.24631116839766234,0.59502136185952137,3.2581560716574605,-10.705282753990295,9.750053407391583,-1.1987670522171696,2.8955961790826135,-19.670400097659229,20.433668019653918,-44.621112704855491,-18.849757377849667,200,119.15646839808343,86.489455854976043,754.47859126560263,72.145756401257358,-34.058656575212865,-0.34559160130619221,-20.00061037018952,-200.0061037018952,2,0
rand039,-12.647993446774741,-12.567659028255473,-8.0620447177809602,0.6164444871038004,-0.75587470368585907,-0.013238810683164884,0.2201689363621547,-2.8461644793391945,-0.42427336626609957,-0.74446033358545138,-0.85636247889535078,-19.365326491877251,12.516822092248637,-10.443604498292729,19.498229488955587,24.842804446716357,194.24217688216709,160.53983510740161,81.286227302357247,283.91439225509941,111.99881514030254,-709.72775458347155,-1.2223778306459034,15.982738805085631,-181.73260867043732,0,1,-20722,-20590,-13208,-4663,-695,-1220,-1403,-31727,20507,-6844,12778,16280,31824,26302,13318,4652,1835,-11628,-10013,26185,-29774,1144531297,0,1,-12.648091067232276,-12.567522202215644,-8.0617694631794183,-0.61577792099415585,0.75645057850533537,0.013837706089756312,-0.22001952682712533,-2.8461561937314981,-0.42420728171636096,-0.74465163121433153,-0.85634937589648119,-19.365215002899259,12.516861476485488,-10.443433942686239,19.498275704214606,24.842066713461715,194.24420911282692,160.53956724753564,81.289101840266127,283.94421216467788,112.0029297769097,-709.73845637379065,-1.2223273415326394,15.98254341257973,-181.73162022766809,0,1
rand040,1.4964887017312445,8.3499050338981675,-3.6530433026627853,-0.58765102590227691,-0.78253982643511288,-0.14624092626553836,0.14460734173582754,-19.934370857254727,21.754446252957599,-19.815607428070713,-21.382774897171885,-16.986207088537562,0.82518280780957776,44.859934917980354,-16.66859791392238,4.7541773066111386,-158.20901772894115,81.126337287558272,172.54980769689305,673.65860686829319,-497.90349655142802,833.41275284382027,2.8743620372583178,12.349482629337349,164.58927992501611,1,0,2452,13680,-5985,-32659,32767,-32465,-32768,-27829,1352,29399,-10924,3116,-25920,13291,28270,11037,-8157,13654,23546,20233,26965,2056890775,1,0,1.4966277047029024,8.3498641926328325,-3.653065584276864,0.58810250881464321,0.78199079704140384,0.14667968455141689,-0.14529591394244126,-19.934080019531844,20,-19.815668202764979,-20.00061037018952,-16.985992004150518,0.82522049623096405,44.86068300424207,-16.669209875789665,4.7547837763603624,-158.20795312356944,81.124301889095733,172.55165257728814,673.66557817316198,-497.8789635914182,833.39945677053129,2.8743552964873196,12.349620044557025,164.58632160405287,1,0
rand041,13.29369746343731,-8.2272560689528795,4.9708951180367524,0.51757398274258448,0.43471264684243954,0.36717534834132642,0.63900262177368627,5.3208425389564979,16.768010194499979,6.5020973939911517,-10.868452811070295,16.316889283499393,16.200931742281259,51.020770820619482,-29.21211468029523,-21.896883823064073,142.27801718622388,38.933244178506023,23.228116562920533,-594.33927688168001,-1880.6583432432801,992.89442602844463,-2.4994628431290749,1.1317248873789101,10.417031857887409,2,1,21780,-13479,8144,8717,27472,10653,-17806,26733,26543,32767,-19144,-14350,23310,6379,3806,-9737,-30812,16267,-20475,1854,1707,4151110409,2,1,13.293862727744377,-8.2271797845393237,4.9708548234504226,0.51753020775688607,0.43450397121834816,0.36669921137854222,0.63945325976880785,5.3205969420453503,16.768089846491897,6.5022736289559617,-10.86825159459212,16.31702627643666,16.201055940427871,50,-29.212317270424514,-21.897030549027985,142.2772911770989,38.93551438947722,23.230689413129063,-594.31745353556937,-1880.672627948851,992.88918729209263,-2.4994659260841701,1.1316263313699759,10.419019135105442,2,1
rand042,-7.7925749365988644,16.794000929162152,13.516507649596353,-0.20467838918503001,0.19918150189251438,0.88079616684199546,-0.37766598838247434,-19.76372844387695,-13.756528906210786,-15.756627986618915,8.6007982077716285,0.18888713747875086,10.507071109421204,47.844998024111554,-18.807012048112668,-18.261162868981916,-92.332873641771528,90.791583109864661,47.693841197096049,-171.39028251382024,529.01881366792975,-1998.1776407681643,0.14917873694260264,-14.220746290558214,-58.816855949781761,0,0,-12767,27514,22145,-32380,-22538,-25815,14091,309,17214,31355,-12325,-11967,-15127,14875,7814,-2808,8667,-32737,1222,-23299,-9636,2529837295,0,0,-7.7925962096011228,16.793725394451734,13.516647846919156,-0.20479805012839339,0.19926296769249088,0.88070558459533621,-0.37776937625034729,-19.763786736655781,-13.756523331400494,-15.75670644245735,8.6007263405255294,0.18860438856166264,10.506912442396313,47.845393230994596,-18.807031464583268,-18.26075014496292,-92.33069856868191,90.792565691091653,47.694326609088414,-171.39194921720022,529.0078432569353,-1998.1688894314402,0.14917447431867428,-14.221015045625172,-58.815271462141787,0,0
rand043,16.87972880894063,-16.684439521583627,16.681855048576814,-0.30367875539677419,0.21135642003879693,0.88430352681467828,-0.28480686384315157,-18.801351631284486,-10.8159427086965,19.615009778718374,-14.547021336035895,-9.9170390129835155,1.092787777967013,26.912547006474433,36.442475097382243,23.179571842564943,215.9946785112347,204.09598563571612,163.16214076576568,-1025.4728786463368,53.661175588614853,2088.7476535046144,-1.3214663758176788,1.3781628824109844,168.65212922067823,1,1,27655,-27335,27331,-30803,-17720,32136,-23833,-16248,1790,17637,23882,15191,32767,32767,26732,-16801,879,32767,-10825,2258,27631,2455397682,1,1,16.879787591174047,-16.684469130527663,16.682027649769584,-0.30304576336566319,0.21171690317327155,0.88435392806889113,-0.28505674544898002,-18.801232947782829,-10.815759758293405,19.614856410412916,-14.546952726828822,-9.9172948393200482,1.0925626392406995,26.912747581408123,36.442152165288249,23.180333872493666,200,200,163.16415906247138,-1025.4829554124576,53.651539658803067,2000,-1.3214514603106784,1.3782158879360331,168.65138706625569,1,1
rand044,20.510486091120747,-8.6165599443804126,-15.405404450946333,0.57068765933161869,-0.46302026821867726,-0.5339534111394173,0.41811670791524574,19.58285311731289,-3.6330765331281953,-5.4670825096787699,-5.9716064731913718,-9.2260295146383839,-1.0873493274633064,37.679819545247227,-17.442757909011029,-30.188843457934627,180.05966961887751,-63.704027663352946,62.874030793089204,1864.1828629265608,1510.5209952512246,-1989.396480950825,-2.1938630263449506,5.2461935594562981,-47.306215223496253,2,0,32767,-14117,-25239,32084,-5952,-8957,-9784,-15115,-1781,24693,-11431,-19784,29500,-10437,10301,30542,24748,-32593,-17972,8595,-7750,185727790,2,0,20,-8.6165959654530475,-15.405133213293862,0.57023606904862811,-0.4635631540068364,-0.53413545506459359,0.41789872391064059,19.58311716055788,-3.6329233680227055,-5.4670857875301371,-5.9718619342631305,-9.2257454145939519,-1.08706930753502,37.679677724539935,-17.442854091006197,-30.188909573656424,180.05920590838343,-63.70433668019654,62.874233222449412,1864.1926328318125,1510.5441450239571,-1989.3795587023531,-2.193914609210486,5.2461317789239175,-47.303689687795647,2,0
rand045,-2.1377593233757652,-16.09313287892423,19.312302778334931,-0.67883732779876071,-0.72412685946524968,-0.12172103512750045,-0.0020404400315351652,-8.4017435517775425,21.014836567246469,10.483976156906678,16.116854192356392,11.247200965233111,0.26839566979555496,-24.020130638467485,-16.645892662120023,-4.8686036522481748,189.29173957271996,148.91694614004157,72.545467045321416,1687.7763141891078,-1498.3492853789462,116.2292774046072,-4.3038418689826861,-12.63444672886618,-173.94583587187657,0,1,-3502,-26366,31640,-13765,32767,17176,26405,18427,440,-15741,-10909,-3191,31013,24398,11885,27652,-24548,1904,-32768,-20700,-28498,2126078465,0,1,-2.1375164036988434,-16.09302041688284,19.312112796411022,0.67943136900703482,0.72356252349272876,0.12177181358985553,0.0013837706089756311,-8.4017456587420263,20,10.483718375194556,16.116824854274117,11.247291482284005,0.26856288338877532,-24.01959288308359,-16.646320993682668,-4.8692281868953522,189.29410687582018,148.9181188390759,72.542497024445325,1687.7956480605487,-1498.3367412335581,116.2144840845973,-4.000122074037904,-12.634662923062837,-173.9432966093936,0,1
rand046,-10.987235305257645,-7.5951455941882777,-14.355210433382368,0.77884580232716227,0.22877694146594063,0.23266925781748979,0.53565412694901082,15.809781342111684,-12.240701779695151,-11.749838447451438,3.6516278697180713,21.702527967917526,-12.406805755381093,28.481649517616162,-30.650972506984626,54.464145619647724,-3.7712920489756163,140.24220686349284,-218.41408406242613,91.368150328023034,-1380.1714713800229,735.86435584232379,-3.6439911690735132,-3.8922250775603304,133.08460264317043,1,0,-18001,-12444,-23519,25902,-20055,-19250,5983,32767,-20327,18665,-20087,32767,-618,22977,-32768,1497,-22612,12056,-29851,-6377,21804,710583171,1,0,-10.98727378154851,-7.5954466383861812,-14.35529648731956,0.77913044084819105,0.22832215048097912,0.23247346230790603,0.53551922567356924,15.809808648945586,-12.240974150822474,-11.749626148258919,3.6518448438978242,20,-12.406994842371899,28.48139896847438,-30.651264992217779,50,-3.7720877712332528,140.24475844599749,-200.0061037018952,91.372417371135597,-1380.1690725424971,735.8623004852443,-3.6440321054719687,-3.8923306985686819,133.08511612292855,1,0
rand047,-10.319532085343571,16.261753953644742,-1.5806903849074838,0.40251611973031559,0.011863557807680373,-0.44812403018237695,0.79813838582447472,10.767855617171008,-18.244171749591104,-21.163740623507469,19.365740843885785,-21.744165609574779,18.210022731045274,-1.0568281443735972,-43.330153861844011,8.1920735989674007,-47.709934306076114,-189.61188171957673,-35.973674054498893,-1404.9892230480903,1261.2075481265601,-1934.8250377213587,-1.125522410994459,1.3506233236565541,111.75969444406617,2,1,-16907,26642,-2590,17642,-29890,-32768,31728,-32768,29834,-693,-28396,5369,-7817,-31065,-5894,-23019,20663,-31699,-9220,2213,18310,4063765692,2,1,-10.31952879421369,16.261482589190344,-1.5808587908566545,0.40267724721190867,0.01245393548078068,-0.44834167730810448,0.79792585774458735,10.768150883510849,-18.243964964751122,-20.00061037018952,19.365825373088779,-20.00061037018952,18.209784234138006,-1.0574663533433026,-43.330179754020811,8.1926938688314461,-47.712637714774011,-189.61149937437057,-35.975218970305491,-1405.0111392559588,1261.20792260506,-1934.81246375927,-1.1255226294747764,1.3507492294076358,111.75878170110173,2,1
rand048,-5.4646455398683322,21.30600899795926,14.37880229434885,-0.40138309700506147,0.46928849430580161,0.59107286573284268,-0.51893427902306066,-3.5239292104785842,-15.404162339093913,7.6511188744588665,17.837390769814384,14.204784092367211,3.077692609269111,-27.012158040334835,42.723269459215331,-38.889579866260249,-46.47992210216421,57.645501140259455,166.23769913560639,2047.533254039108,60.196758035180984,-1102.6272714043539,-2.5270889079318462,6.0944532786997936,-197.21780468697915,0,0,-8953,32767,23558,-5773,-25237,12535,29224,23272,5042,-17702,27998,-25486,-7615,9444,27236,32767,986,-18065,-20701,9985,-32311,2381139081,0,0,-5.4646443067720574,20,14.379100924710837,-0.40129347660293302,0.46909823644273896,0.59130252262167593,-0.51891397836586162,-3.523667104098636,-15.403912472914822,7.6509903256324963,17.83745841853084,14.204535050508133,3.0774864955595569,-27.011932737205115,42.72286141544847,-38.889736625263225,-46.479689931943724,57.6433606982635,166.2404248176519,2000,60.182500686666465,-1102.6337473677786,-2.5270546586504716,6.0945463423566393,-197.21671193578905,0,0
rand049,-20.61074277893896,15.08709503376342,-10.922215897940271,-0.11293549944741095,-0.12944482793502926,0.75297381112348483,0.635232279758837,2.2554454204325007,-18.146603031596364,-12.507759037721874,18.616150279988059,21.822378264593212,2.6508473618864148,-50.077627198424601,32.257798218421492,18.649496285268309,182.46453636331157,-38.046805431744538,158.04196356083591,1999.4326035454428,-540.50887224506482,-1485.5382422592895,1.0886874640340483,-16.669837107735184,-6.3778716976826111,1,1,-32768,24718,-17894,3695,-29730,-20492,30500,32767,4343,-32768,21140,12222,29894,-6233,25893,32758,-8855,-24338,8918,-27311,-1045,2598800331,1,1,-20.00061037018952,15.087130344553971,-10.921964171269876,-0.11346918993600175,-0.13007443724370932,0.75285387686288496,0.63515070951981467,2.2553178502761924,-18.14630573442793,-12.507705923642689,18.616290780358288,20,2.6508377330851163,-50.0015259254738,32.258064516129032,18.649861140781884,182.464064455092,-38.044373912778099,158.04315317239906,1999.4506668294321,-540.48280281991026,-1485.5189672536394,1.0886562700277718,-16.669820245979185,-6.3783684804834131,1,1
rand050,-2.9175948190483023,-13.329290347636006,-0.51277563977488594,0.26118284234207617,0.39370709752104499,-0.23311390583285405,0.84996244101431917,-20.954440910252348,-7.2987383688660854,9.4371342932484445,-14.683746634129111,-6.6128773243270622,-10.760588293679939,-20.982476123913862,-11.715866776204987,-47.871114311719829,90.394958880452577,216.35836287353706,-174.85576653759477,1576.992495126,145.96685341226922,-135.77542857573647,3.806369812453914,-4.09811960201346,192.17012210221293,2,0,-4780,-21838,-840,-32768,-11958,15461,-24057,-10834,-17630,-13751,-7678,-31372,14810,32767,-28647,25837,2391,-2224,31181,-6714,31484,3957093720,2,0,-2.9175695059053317,-13.329264198736533,-0.5127109591967528,0.26153264509639429,0.39437462355805486,-0.23247346230790603,0.84972079012161439,-20.00061037018952,-7.2988067262794889,9.4369335001678518,-14.683675649281289,-6.612750633259072,-10.76082644123661,-20.98300119022187,-11.716055787835321,-47.871333964049192,90.395825067903687,200,-174.85274819177832,1577.0134586626789,145.93951231421858,-135.74633014923552,3.806390575884274,-4.0980254524369029,192.16895046845912,2,0
rand051,12.904235152941123,-13.137908581465274,12.700732165523217,-0.39252389360687684,-0.13950761329813763,-0.89109679267388842,-0.18002534506525394,11.824288997697753,-21.146574127373455,-5.4387978481787416,-17.050356095386299,-8.1319963824116481,-9.1260761896480993,28.227182184264265,-53.452773768734005,-22.169066668791274,41.921848115219426,132.06791923802248,-61.755777264099436,1629.8566963359208,-1570.8374479768268,1264.7457672262349,-2.6157454644997977,-19.691919719892958,76.672795263617047,0,1,21142,-21524,20808,19372,-32768,-8911,-27934,-13323,-14952,18498,-32768,-14528,6868,21637,-10118,26703,-25736,20721,-21428,-32262,12562,2982778498,0,1,12.904446546830652,-13.137607959227271,12.700582903530991,0.39299085294907921,0.13976083150653873,0.8908785679958191,0.17989017916683203,11.824091311380352,-20.00061037018952,-5.4390087588122196,-17.05008087405011,-8.1319620349742117,-9.1262550737022003,28.226569414349804,-50.0015259254738,-22.168645283364359,41.920224616229746,132.06579790643025,-61.757255775627918,1629.8715170751061,-1570.8487197485274,1264.7480697042756,-2.6158024842066712,-19.69176305429243,76.674703207495341,0,1
rand052,15.856058799111072,14.945825809311561,-11.015364110769099,0.36090957115767702,0.097520695490939377,-0.31480339218620496,0.8724292634166988,-13.15083189564414,-5.2005051642822018,14.504192608051342,11.02532452212383,-16.003258687662274,3.7525118734118923,10.043169866721362,-10.581149683547586,53.332289038520017,-48.777881244689382,-103.52412138721384,199.03858142452026,-1617.6612840257328,1307.9458235277491,-1214.2363919529212,0.73680753729157356,20.271695400497805,-153.24561304182222,1,0,25978,24486,-18047,-21546,-8520,23763,18063,-26219,6148,6582,-6934,32767,-7992,-16961,32609,-26503,21429,-19893,6036,32767,-25107,4032370973,1,0,15.856196783349102,14.945524460585345,-11.015350810266426,0.36116412894263972,0.096863942628294175,-0.31411592823746826,0.8726448488423687,-13.151036103396709,-5.2003540147099212,14.504226813562425,11.025116733298745,-16.003295999023408,3.7525559251686147,10.043641468550677,-10.580767235328226,50,-48.780785546433911,-103.52488784447768,199.03561510055849,-1617.6641132847071,1307.9622791222876,-1214.2094180120243,0.73683889278847625,20,-153.24564348277229,1,0
rand053,-17.960254089962238,5.5990261659595433,-19.667416595873494,-0.82912868529810868,-0.16202157309985551,0.17066221426590886,-0.50711837048950925,-15.180470096130845,13.968587609601769,1.6896158384170472,-10.511472078494691,5.8288518879494502,4.9497061549831791,18.354807173847487,13.270926914539652,29.118656388187759,-197.52634512109427,-157.58090826304993,-8.3581650388282682,-1912.6186354175279,1861.8746833704633,-1716.1611179211989,-1.4528617286489964,19.809934673159866,83.656263508093858,2,1,-29425,9173,-32222,-24871,22885,2768,-17221,9550,8109,12029,8697,19083,-32362,-25817,-1369,-31335,30504,-28117,-11901,32456,13706,659953518,2,1,-17.960142826624349,5.5989257484664448,-19.667348246711629,0.82964866693742556,0.16190116125014883,-0.17020378490400262,0.50646004288508095,-15.180516983550524,13.968321787163914,1.6895046845912045,-10.511185033722953,5.8290353099154641,4.9494918668172243,18.355357524338512,13.270973845637378,29.119235816522721,-197.52800073244424,-157.57927182836391,-8.3559678945280318,-1912.594988860744,1861.8732261116368,-1716.1778618732262,-1.4528031250953704,19.810174871059296,83.657338175603499,2,1
rand054,13.406797428716338,19.593431530609372,-7.4889767050962295,-0.13513335883028746,-0.37242164424133078,-0.23011255721070864,-0.88886967843760811,3.2631588334077679,-16.899344242327935,5.477023838168261,-12.834005944974773,5.3241753461117405,-11.04936056384847,8.4163178868079047,40.322537028199037,-37.298459754847329,115.3763408662864,12.515235388433336,-156.83396505654957,470.77976498527516,-305.22625940435393,-1756.2957391331595,3.2532842882325799,-11.932423648192685,-152.52318813118205,0,0,21965,32101,-12270,5346,-27687,8973,-21027,8723,-18103,5516,26425,-24443,18903,2050,-25695,7713,-5001,-28774,26650,-19549,-24989,3861657254,0,0,13.406781212805567,19.593493453779718,-7.4892422254097113,0.13560951967961185,0.37223429381444478,0.22970592108995477,0.88898080884625519,3.2630390331736199,-16.899319437238685,5.4768517105624559,-12.834253975035859,5.3242591631824698,-11.049531540879544,8.4170049134800262,40.322580645161288,-37.298196356089967,115.37827692495499,12.512588885158848,-156.83462019714958,470.77852717673267,-305.24613177892394,-1756.2791833246865,3.2532731101413006,-11.932126834925382,-152.52540665913878,0,0
rand055,-6.0256525928531381,-13.510213556264686,13.955332521669144,0.0084945632910954725,-0.056959018359531231,0.82612542726646443,0.56053571790369761,-0.56378942254165132,9.2699389674509618,19.620157111364549,5.0055742558593304,-15.825597223138114,-6.2972455868576995,36.563326655858582,-30.647454065848997,50.506517336211253,-45.346796720561322,-120.25868147204017,-29.745839168285535,-1133.0306888410375,-2035.8251642003618,-1523.0665167832651,1.0889063879375538,4.2816688395881313,-21.636216906151727,1,1,-9872,-22134,22864,-924,15187,32145,8201,-25928,-10317,23961,-20085,32767,-7429,-19703,-4873,-18563,-32768,-24953,8920,7015,-3545,2691129237,1,1,-6.0255745109408858,-13.509933774834437,13.955504013183996,0.0083026236538537874,-0.056734594968000873,0.82621651008158714,0.56042709663513057,-0.56398205511642807,9.2696920682393866,19.620349742118595,5.0056459242530593,-15.825678273873104,-6.2971892452772611,36.562700277718434,-30.64821314127018,50,-45.344401379436626,-120.26123844111454,-29.743339335306864,-1133.0301828058718,-2000.061037018952,-1523.0567339091158,1.0889004181035797,4.2817468794824061,-21.637623218482009,1,1
rand056,16.716975097279448,-0.30666682467471329,-12.88866217239625,-0.38332127248166736,0.4306806604127838,-0.39825925148306918,0.71342031048855703,9.3103804197049005,21.7348950121469,17.853462577019421,18.717031559542132,16.878535494818497,-6.3033265008230615,7.6231221066177026,14.01249706612907,-20.682838702916474,-169.49100686683852,98.317586387584711,45.831172079562897,-2071.7935875705239,1985.9115649918294,-865.86465480696279,0.89124246750340763,5.7250323315469105,-217.1539395578292,2,0,27388,-502,-21116,15254,32767,29250,30665,27653,-10327,4996,9183,-13554,-27769,16108,7509,-32768,32536,-14186,7301,9380,-32768,3468483808,2,0,16.716818750572223,-0.30640583513901182,-12.888576921903134,-0.38330445868624979,0.43035265939142126,-0.39852593538498177,0.71347835239164603,9.3105868709372235,20,17.853328043458358,18.717001861629079,16.878566850795007,-6.3032929471724604,7.6235236671040987,14.01257362590411,-20.682393871883296,-169.49369792779319,98.31843012787256,45.832697531052581,-2000.061037018952,1985.9004486220892,-865.87115085299229,0.89126255073702199,5.7252723776970731,-200.0061037018952,2,0
rand057,-4.4168654272888777,-15.997809785673851,-20.38327705855896,-0.59598892870737774,-0.34365045065959243,-0.21791641132411432,-0.69225284563901268,-18.603644175464304,-8.9030030353832483,-20.47898404422989,17.077833048287083,19.431088866844654,15.036943464955868,10.176799595955464,1.0397940389291804,-6.9266905443925584,187.95043345913001,98.529097458158958,-122.74201808288234,472.46621986790853,1699.5267899937535,759.25945433868026,0.37151450037058376,10.754889272777252,72.473504256045402,0,1,-7236,-26210,-32768,-30479,-14586,-32768,27979,31835,24636,6669,681,-4539,30793,16143,-20109,7741,27844,12439,3043,17620,11874,4210811549,0,1,-4.4166386913663134,-15.997802667317728,-20.00061037018952,0.59640513246849702,0.34317511102595649,0.21725198560917408,0.6923390324735621,-18.603473006378369,-8.9028595843379001,-20.00061037018952,17.07754753257851,19.431134983367411,15.037079989013337,10.176396984771264,1.0391552476577044,-6.9261757255775631,187.95129245887631,98.532059694204534,-122.7393414105655,472.48756370738852,1699.5147556993315,759.23947874385817,0.37147129734183781,10.75472273934141,72.475356303598133,0,1
rand058,6.1822827224491554,5.4687839743885593,-17.611325326662701,0.3355160625655122,0.34302148903235485,-0.8217698258736601,0.30734277786558745,12.049126820011914,-1.6534692343431052,-0.36281431809120734,6.644717790656264,8.804508097731377,-6.392730241148648,-46.339707573731346,-12.771735489498566,-16.010218659021429,-137.06330884025547,-189.48035593720044,88.956261898350874,-9.1479510239309558,-825.96124141977805,-1822.7191043894941,-3.0998008456731498,6.2431164753018731,-143.50878778609004,1,0,10129,8960,-28854,19741,-2709,-594,10886,14425,-10474,-30368,-8370,-10492,-22456,-31044,14574,-150,-13532,-29863,-25393,10228,-23512,2430869794,1,0,6.1824396496475114,5.4689168980986969,-17.61162144840846,-0.33487248737210279,-0.34317511102595655,0.82202263798916242,-0.30719707519259015,12.049317911313212,-1.653492843409528,-0.36255989257484666,6.644489883114109,8.8045899838251902,-6.3930173650318922,-46.339304788354134,-12.771996215704824,-16.010010071108127,-137.06472975859859,-189.48332163457135,88.955351420636617,-9.1555528427991568,-825.95294045838796,-1822.7484969634083,-3.0998260444959866,6.2428662984099859,-143.51023895992921,1,0
rand059,-15.023281215420845,21.331008209201727,14.775670640390334,-0.31392463253947628,-0.24192274345971257,-0.88869091240930465,-0.23054972019718106,-6.185383138498425,8.3170903664443063,-11.727954058627789,21.725063532479432,21.389385338642214,5.4759544520752748,-1.6404041714825413,-11.08090479096907,-47.025797536874109,-192.325553527024,82.653357349773742,-193.37679532312495,315.52595834808625,-66.391005458002311,-1983.8139770410748,-3.2677480783263961,3.0572113916398131,-7.4318209666041612,2,1,-24613,32767,24208,-10134,13626,-19214,32767,32767,8972,-1075,-7262,-30818,-31510,13542,-31682,5169,-1088,-32502,-26769,5009,-1218,2923085479,2,1,-15.023041474654377,20,14.7758415478988,0.31411592823746831,0.24215985657073547,0.88841844976545148,0.23108969169893043,-6.185491500595111,8.3169042023987547,-11.727652821436202,20,20,5.476241340372936,-1.6403698843348491,-11.08127079073458,-47.025971251564073,-192.3276467177343,82.656331064790791,-193.3774834437086,315.50035096285899,-66.408276619769893,-1983.8251899777215,-3.2677999206518753,3.0573442793053989,-7.4343089083529161,2,1
rand060,-20.426683942272234,18.923094891106967,20.769829017603588,-0.20329430074434651,0.17509243844175001,-0.96067935164585461,0.071479008154068963,17.425371123730745,4.4655956301501654,-18.035193740996657,-12.141164226906064,-9.7496037974047169,4.0135622271071547,17.395961476306713,18.141835482060483,-39.658776579279206,169.80831263175367,195.44325888615205,-120.2100954506728,476.97828399598092,954.05819810623609,2047.7860525808844,2.1606061908980032,10.096576189926074,195.91274665389685,0,0,-32768,31003,32767,28549,7316,-29548,-19891,-15973,6576,11400,11889,-25990,27821,32020,-19695,7815,15631,32767,17699,16542,32097,2838889932,0,0,-20.00061037018952,18.923306985686818,20,0.20341427951941779,-0.17573886733990518,0.96050028898692974,-0.071956071666732832,17.425458540604875,4.4654683065279093,-18.0352183599353,-12.140873439741203,-9.7494430372020631,4.0137943662831503,17.395550401318399,18.14172795800653,-39.658803064058354,169.81109042634358,195.44053468428601,-120.21240882595293,477.00430310983609,954.06964323862428,2000,2.1605883968626971,10.096743675038912,195.91051973021638,0,0
rand061,0.58302806318740252,-8.0223891491759147,-8.304683585719701,-0.63680837724616457,-0.5041305624733815,-0.47042316992232214,0.34500653305352452,3.705153226698068,-19.940224865687494,-4.9895897304230941,-8.229871115072374,4.7308181602671056,-5.5868316419595185,-4.819198220426629,37.337128820852897,25.49454449690576,-93.033156045029898,26.524479022625528,-83.349150376708351,-1180.4407384502199,-1443.2166928422253,1724.2395645589031,-4.1289348258051595,-0.46220605369002099,-118.09693822528769,1,1,955,-13143,-13606,6070,-32669,-8175,-13483,7751,-9153,-3158,24469,16708,-15242,4346,-13656,-19340,-23645,28249,-32768,-757,-19348,919425287,1,1,0.58290353099154635,-8.0220954008606213,-8.3046967986083562,0.63735368665395176,0.50369250166712976,0.47048200705171456,-0.34455888163493215,3.7049470503860591,-19.940183721427047,-4.9897762993255412,-8.2296212652974035,4.7309793389690844,-5.5867183446760462,-4.8188726462599565,37.337870418408762,25.495162816248055,-93.03262428662984,26.526688436536759,-83.352153080843536,-1180.4559465315715,-1443.2203131199071,1724.2347483748895,-4.000122074037904,-0.46205023346659752,-118.09442426831873,1,1
rand062,9.2421305297727816,-9.1182716933079071,-9.1147375102363046,0.28690936182442772,0.6271438818291093,0.67046957656154238,-0.27357652766127771,-11.367706882096245,-0.4232081823322722,-18.931537840540251,12.134054224659288,-1.5509619635569889,-21.141293760912657,-47.095092593551193,-17.739025805685237,45.196454469244955,-155.20798283922164,178.09821713525352,129.18365322681723,118.92489780003643,-2110.0800578834737,-1725.8699807084063,-4.3323816193185642,2.1935312419101671,-18.69148075298726,2,0,15142,-14939,-14933,-18624,-693,-31016,19880,-2541,-32768,-30863,-11625,29619,-25428,29179,21165,1948,-32768,-28276,-32768,3594,-3062,2902398266,2,0,9.2422254097109899,-9.1183202612384413,-9.1146580401013217,0.28644051605795562,0.62684808586596086,0.67077914522610216,-0.27398658057717495,-11.367534409619434,-0.42298654133732111,-18.931241798150577,12.134159367656483,-1.5509506515701774,-20.00061037018952,-47.094637897885065,-17.738883632923368,45.196386608478043,-155.20493179113132,178.09991760002441,129.18485061189611,118.90011291848506,-2000.061037018952,-1725.8827478865933,-4.000122074037904,2.193670461134678,-18.689535203100682,2,0
rand063,-18.269060302913356,11.160168903860042,-6.7737932489355899,-0.51017735767796435,-0.74303042303029976,0.016088227172803674,-0.43285797106046286,-7.8443600893951686,-12.203182711025217,14.122740479154205,-15.316767850389661,-1.8744491767361136,4.0016964559380686,0.22238904365705303,44.666801810238965,41.128446292724007,-21.60807633716847,-25.593516934736797,217.5252040244323,1100.2774196563321,380.81937897638085,-1447.7540832929867,3.5544344537236596,-4.0036308695940424,-162.64748186368391,0,1,-29931,18284,-11098,-12852,-19993,23138,-25094,-3071,6556,146,29272,26953,-3540,-4193,32767,18026,6239,-23719,29117,-6559,-26647,1998050105,0,1,-18.268990142521439,11.160008545182654,-6.773888363292337,0.51061135471200791,0.74256797804989871,-0.016605247307707575,0.43312020060937251,-7.8444776757103183,-12.203131199072237,14.122745445112461,-15.316629535813471,-1.8744468520157476,4.0015869624927518,0.2227851191747795,44.666890469069493,41.12826929532762,-21.607104709006013,-25.592822046571246,200,1100.2533036286509,380.80996124149294,-1447.7370525223548,3.5544297616504408,-4.0034180730613116,-162.64534440137945,0,1
rand064,21.692593001907145,-6.7183134547128214,0.46723467526384477,-0.59911703189425003,-0.55737909084709136,0.4103285365562368,-0.4025143764740719,18.342608329482434,20.146806374149062,-2.4697811083562513,8.9908649320421965,-7.4396100051457843,0.72013171730775216,1.516328900166245,36.669950575374827,6.338140907175827,-208.31414396719049,204.90820369449156,178.21153987582102,2130.2176762735426,1323.2058246773843,610.43380672771707,3.3389312292029403,-6.4704904024914232,89.910852712646886,1,0,32767,-11007,765,30052,32767,-4046,14730,-12189,1180,994,24031,4154,-32768,32767,29197,32767,21679,10001,27352,-10601,14731,959668003,1,0,20,-6.7183446760460219,0.46693319498275704,0.59829959098508045,0.55765955541717938,-0.41097987086576243,0.40267724721190867,18.342844935453353,20,-2.4695577867976928,8.9907528916287731,-7.4398022400585955,0.7202368236335337,1.5167699209570604,36.669515060884429,6.338694418164617,-200.0061037018952,200,178.209784234138,2000,1323.2215338602862,610.43122653889588,3.338969084749901,-6.4705343791009247,89.91363261818293,1,0
rand065,-18.511698937795408,9.8373113335528792,21.145119288858567,0.75613996996676647,-0.55978379009223433,0.1024985695041374,0.32309208813933599,7.7941188125516234,-15.417971650576629,14.123236164606801,-11.935231679878004,-19.242443692645004,-8.5880396465679461,-51.477473362868793,48.808987841568097,-31.961123902514842,-59.989388950459158,195.398103909534,-208.7094514906567,975.3173070550373,1529.8887478080101,634.42950443814982,4.0488729195744462,0.40698421730382295,160.8550264827177,2,1,-30329,16117,32767,12769,-25260,23139,-19554,-31526,-14070,-32768,31986,-20945,-9828,32013,-32768,15979,25065,10394,32767,667,26354,112798441,2,1,-18.511917477950377,9.8373363444929343,20,0.75596440816967225,-0.56042709663513057,0.10239902506419669,0.32241855189132207,7.7938169499801626,-15.417950987273782,14.123355815301981,-11.935178685872982,-19.24253059480575,-8.5879085665456092,-50.0015259254738,48.808252204962308,-31.960509048738061,-59.987182226020082,195.39780877101961,-200.0061037018952,975.31052583391829,1529.8928800317392,634.41877498702968,4,0.40711691640980252,160.85695974608601,2,1
rand066,15.243391740999598,14.656432886157013,-15.523113122080288,-0.65527667019960834,-0.09257502957175269,0.52016958329219243,-0.53987586907503982,-19.252170633747575,17.613043922423604,-20.045158627533922,15.586770886136831,-7.4220483986302392,17.882908084837876,27.094532761246509,42.927871455047459,-27.234606048419614,150.4912318872961,193.10876409173255,-97.100967719555172,-1648.7931138573372,1526.4748744237515,-1958.0295665956958,1.3320276794387875,4.9125937624971918,103.27212814030217,0,0,24974,24012,-25432,-31542,28856,-32768,25537,-12160,29298,17756,28132,-17848,24656,31638,-15909,-27013,25009,-32079,10912,8049,16920,607265670,0,0,15.243385113071078,14.656208990752891,-15.522934659871211,0.65532460006895232,0.092712630801367282,-0.52029774897483727,0.53967053750049609,-19.252296517838069,17.6128421887875,-20.00061037018952,15.587023529770805,-7.4221015045625176,17.882625812555315,27.094332712790308,42.927335428937653,-27.234717856379895,150.49287392803734,193.10892056031983,-97.103793450727864,-1648.7929929502243,1526.4748069704276,-1958.0065309610279,1.3320719016083253,4.9128696554460278,103.27463606677451,0,0
rand067,21.558793970813984,-6.2240320413119861,5.5050976155059494,-0.73809344508959773,0.59051094086229328,0.11484419285791501,0.30549256358299826,8.0751743799809166,14.143527579755997,17.932553553205896,-13.58660524690681,6.7705087180738657,13.797368441260144,43.925805667189941,-1.9510468316741636,43.101233384246434,216.1893211704531,-4.8465036489693025,-162.39461741662703,-1729.9439597275,756.97741364084879,-1145.3138112206761,1.633371120665934,18.753254889187943,54.170949845386815,1,1,32767,-10197,9019,13230,23172,29380,-22260,11092,22605,28786,-1279,28246,32767,-794,-26606,-28343,12402,-18764,13380,30724,8875,89568547,1,1,20,-6.2239448225348672,5.5049287392803734,0.73767174554010306,-0.59087005003259452,-0.11485296054497739,-0.3058133045836145,8.0751976073488567,14.143498031556138,17.932676168095949,-13.586840418713949,6.7702261421552175,13.797418134098331,43.925290688802761,-1.9516586809900205,43.101290932950832,200,-4.8463393047883541,-162.39509262367625,-1729.9722281563768,756.98110904263433,-1145.2986236152226,1.6333506271553697,18.753013702810755,54.170354319895019,1,1
rand068,-11.708898114730749,-7.6833012518396302,-11.51206253910475,0.092321566465208532,0.80825268900168645,-0.30337135362574708,-0.49615535962663465,-12.255904185902175,-13.062655171185067,-8.7903186136657645,19.119582106145241,11.418043632857168,18.77760925982437,26.853162468712128,-47.901159683633189,-20.978549145653524,-25.635995727207156,-38.070176213356973,-61.809231862705794,533.64113393048717,1287.9447249400039,-147.12454688571742,0.15127988131730152,-21.50229359794465,-150.43569375451378,2,0,-19183,-12588,-18861,-20079,-21401,-14402,31325,18707,30764,17598,-31392,-13748,-4200,-6237,-10127,8743,21101,-2410,1239,-32768,-24647,1681167513,2,0,-11.708731345561082,-7.6833399456770533,-11.512192144535661,0.092712630801367296,0.80795023078810224,-0.30304576336566325,-0.4967736486222516,-12.255623035370952,-13.062532425916318,-8.7905514694662319,19.119846186712241,11.41819513534959,18.777428510391552,26.85323648792993,-47.901852473525196,-20.978423413800471,-25.635547959837641,-38.068788720358896,-61.812189092684712,533.64665669728686,1287.9421369060335,-147.09921567430646,0.15124973296304209,-20.00061037018952,-150.43794061098055,2,0
rand069,-2.210775541993677,-1.5492297377628379,12.220458609055875,0.2894407840940198,0.57484220127687802,0.57722058524318265,-0.50259016316051175,-7.9964887443383974,-14.132031965870919,-4.8617465774072333,20.529439082668375,11.847153034777053,-1.8410370940094971,11.978017380511179,-50.164800280571207,-16.842979687196507,-191.29706493586693,85.111730131649225,131.10235466074371,1556.0310889005209,-2137.8534150110686,53.096444030253842,2.6525686105594319,19.794763840981322,56.827675771199509,0,1,-3622,-2538,20021,-13101,-23153,-7965,32767,19410,-3016,7850,-32768,-11038,-31341,13944,21479,25493,-32768,870,21729,32431,9310,2904456341,0,1,-2.2107608264412364,-1.5491195410016174,12.220221564378797,0.28920805727590687,0.57426480272488689,0.57815618535201152,-0.5023087310581541,-7.9964598529007844,-14.13190099795526,-4.8615985595263531,20,11.847285378582111,-1.8408764915921507,11.978514969328899,-50.0015259254738,-16.843165379802851,-191.29612109744559,85.110019226660967,131.10141300698874,1556.0167241431927,-2000.061037018952,53.102206488235112,2.6525467696157721,19.794915616321298,56.82546464430677,0,1
rand070,17.359238495480529,-14.516720957089689,-11.89617566206134,-0.60330941249928072,-0.063610076262725426,0.68882717024887685,-0.39684838479518575,-11.640799339301068,0.007261619293987831,14.961633598769556,-1.6586166542831822,15.140599516806638,0.1338315517974471,-44.625443079671847,25.815103661699755,36.293949757672031,117.49202992658184,-62.916755337610624,-14.968061297001928,-2133.751565509287,-489.1097310505171,-2047.7519531921027,2.384059157349808,-21.379391836375618,27.638549062198308,1,0,28441,-23783,-19490,-19072,12,24512,-2717,24806,219,-29245,16918,23785,19249,-10308,-2452,-32768,-8013,-32768,19530,-32768,4528,2227652833,1,0,17.359538560136723,-14.516434217352824,-11.896114993743705,-0.60332398551337518,-0.063653448012879033,0.68864105891048644,-0.39714216477600611,-11.640980254524369,0.0073244422742393261,14.961394085512863,-1.6583758049256874,15.140842921231727,0.13367107150486771,-44.625690481276891,25.815607165746027,36.29413739432966,117.49015778069399,-62.916959135715814,-14.966277047029022,-2000.061037018952,-489.08963286233103,-2000.061037018952,2.3841059602649008,-20.00061037018952,27.637562181463057,1,0
rand071,2.6431119470988156,-21.486053836052754,-3.4625381220959528,0.96233203760296715,-0.22527057464087871,0.10465576906807975,-0.11053229213518777,-20.378370795139851,-8.3507656897788234,-7.2079245912650123,5.471838748179791,6.5307462616559953,4.8215982940219906,44.419968882039115,26.236654417728868,2.201528861581151,-65.024949564850616,-150.48622333977372,-80.021637818593447,-841.99516724386092,1746.3446885619458,656.76371504990254,-3.5205410811642115,13.298699591089488,35.515181653537084,2,1,4330,-32768,-5673,-32768,-13681,-11809,8965,10700,7899,29110,17194,1443,-10653,-24655,-13110,-13795,28611,10760,-28839,21788,5819,366555568,2,1,2.6429029206213568,-20.00061037018952,-3.4626300851466416,0.96219034320020635,-0.22555460926302789,0.10516656628214797,-0.11070164871805051,-20.00061037018952,-8.3504745628223525,-7.2078615680410172,5.4719687490462965,6.5309610278633992,4.8213141270180362,44.419690542313916,26.236762596514787,2.2019104586931975,-65.022736289559617,-150.48677022614214,-80.019531846064638,-842.00567644276248,1746.3301492355113,656.75832392345956,-3.520493179113132,13.298745689260537,35.517441328165532,2,1
rand072,-8.2519592532824362,-20.479464181810268,-21.347708695248162,0.14055158707524215,-0.59602145402051709,-0.46753366675389252,0.63750760636211956,14.232001159486334,-13.224664813722434,-17.378016814114851,2.6275962113677949,-21.383265323317747,5.5265147921506586,44.600228509649334,-0.41097125058899175,29.92301026786847,155.6383550136394,18.602365135906602,109.94759760804018,271.15677751168045,1956.3239988252358,1461.9416599312312,-1.9127121944920147,-10.490355766128918,-75.801443727292366,0,0,-13520,-32768,-32768,23317,-21667,-28471,4305,-32768,9054,29228,-269,19610,25499,3048,18013,4442,32051,23952,-15668,-17187,-12419,3865134254,0,0,-8.2522049623096407,-20.00061037018952,-20.00061037018952,0.14114460211551438,-0.59640513246849702,-0.4677144658337633,0.63688483865509404,14.232001709036531,-13.224890896328624,-17.377849665822321,2.6276436658833582,-20.00061037018952,5.5262916959135717,44.599749748222294,-0.41047395245216223,29.923398541215246,155.63829462569049,18.604083376567889,109.94598223822749,271.12643818475908,1956.2974944303721,1461.9586779381696,-1.9126560258796961,-10.490432447279275,-75.801873836481832,0,0
rand073,6.2991848230309362,-15.090644029159758,18.50484740901593,-0.72116444350153752,0.61278843438830943,0.19295092535297187,0.25919513983575021,10.625057837318499,-14.739414967877066,-10.576113478284313,-1.6493260128935296,-5.0655216618661907,6.9045980140948711,21.167371681153234,15.580043522283553,-27.490157860556554,-165.65809888178754,18.208813892760041,0.43657651931639396,-171.98792999375118,-136.14374234025547,-1812.6239855317435,-1.5406842429437841,-13.168377425099029,32.452399925049036,1,1,10320,-24724,30317,17408,-24148,-17327,-2702,-8299,11312,13872,10210,-18015,-27141,2983,72,-2818,-2231,-29697,-12621,-21574,5317,72734021,1,1,6.2990203558458209,-15.090792565691091,18.504593035676137,0.72129233800300285,-0.61301037977620454,-0.19234411464761272,-0.25876510387844304,10.625324259163182,-14.739219336527604,-10.575884273812067,-1.6492202520828882,-5.0654622028260139,6.9045075838496048,21.167638172551651,15.579699087496566,-27.489547410504471,-165.66057313760797,18.207342753379926,0.43946653645435957,-172.00231940672018,-136.17358928189947,-1812.6163518173773,-1.5406964323862422,-13.168126468703269,32.453382976775416,1,1
rand074,10.781675797677361,14.432016018913984,-11.385551554176388,-0.41864816137732119,0.38519163355980679,0.65710848980597114,-0.49453974060315092,21.873058787349478,9.8396485266937166,21.290180452531192,-1.5737170108086613,9.8646406690781632,-4.8709513771446176,-53.332888283202323,-1.9770571437364381,-33.150603568623758,-63.192858917629849,95.898471540215951,187.05394519457852,-1019.2286483040773,-3.2139609855367901,-801.77248293459957,-2.8720423147236489,-10.310711441793098,-140.52439993433168,2,0,17664,23645,-18654,32767,16121,32767,-2578,16162,-7980,-32768,-1296,-21725,-10353,15712,30646,-16699,-53,-13136,-23527,-16893,-23023,2367445147,2,0,10.781579027680287,14.432203131199072,-11.385845515305032,-0.4192824945196163,0.3846882292952255,0.65740027523447464,-0.49400610740430034,20,9.839777825251014,20,-1.5735343485824151,9.8648030030213327,-4.870754112369152,-50.0015259254738,-1.977599414044618,-33.150730918301953,-63.191625720999788,95.90136417737358,187.05404828028199,-1019.2571794793542,-3.2349620044557024,-801.78228095339819,-2.8720358897671439,-10.310983611560411,-140.52552873317669,2,0
rand075,3.1033389118954022,-19.300973878784689,-21.390773313648133,-0.45403330689386079,0.65666853114968149,-0.52623185962554042,-0.29278016726511796,21.119281030536214,-21.464977921220868,-9.8317838765988839,-8.5044495502242849,-17.689878493765484,7.3875860054607303,-8.5048668832046825,4.4429198991507644,-35.409087613904475,173.85720682399165,184.13771004658011,211.93387956741486,453.70666053077491,453.64809195912977,-1004.1158306221619,3.8909708601592543,6.5786965501311174,-41.160015712930999,0,1,5084,-31622,-32768,32767,-32768,-16108,-13933,-28982,12103,-5574,2912,-23205,28484,30168,32767,7433,7432,-16451,31874,10778,-6743,1266815276,0,1,3.1031220435193947,-19.301126132999663,-20.00061037018952,-0.45387675974400699,0.65683788025237455,-0.52583283141073978,-0.29335936910283378,20,-20.00061037018952,-9.8318430127872549,-8.5042878505813775,-17.689748832667014,7.38731040375988,-8.5055085909604173,4.443494979705191,-35.409100619525745,173.85784478286081,184.13647877437666,200,453.68816187017427,453.62712485122228,-1004.1199987792596,3.890987884151738,6.5785699026459552,-41.157261879329816,0,1
rand076,-4.0469544682002949,6.9643425656032738,16.901575350368077,0.33768163993894373,0.47517303655758558,-0.58398414677775579,-0.56492850139557094,17.183089785963702,12.622632211625776,19.00924343722841,-10.097168713704145,-20.225426714790679,13.659465609538865,47.142480627360669,22.503856964585207,7.2415212237891202,23.505196866475366,38.075555113787956,-73.109163966843809,-2182.421023938944,409.11521735736761,1245.0877996946419,-0.3398577386799807,7.3271235287280767,27.753345573689955,1,0,-6630,11410,27691,28152,20680,31144,-16543,-32768,22379,30894,14748,4746,3851,6238,-11978,-32768,6703,20399,-2784,12004,4547,2428675992,1,0,-4.0467543565172273,6.9643238624225594,16.901760917996764,-0.33764002859005399,-0.47463331887864146,0.58478512669390248,0.56457840846205753,17.183141575365457,12.622455519272439,19.009369182409131,-10.097354045228432,-20.00061037018952,13.659474471266824,47.141941587572866,22.504348887600329,7.242042298654134,23.505355998413037,38.074892422254095,-73.110141300698871,-2000.061037018952,409.13113803521838,1245.0941496017335,-0.33985412152470473,7.3268837549974055,27.753532517471847,1,0
rand077,-0.80483090021311066,-12.21799910732085,20.83477063757222,0.34638298572036463,-0.066233990981055757,-0.48445180480282241,-0.80058624423946678,17.415534644763735,8.7755979682232663,-21.412125834311198,-2.5489453271323823,18.952209853133496,-2.4666246033595733,31.554541351699246,17.01737613380665,-35.161427800189905,212.91407667397564,173.7651525701331,166.88641926301403,-1057.3142311655467,962.29700383378167,-2192.084622679617,-1.3111576951473185,4.4745154018281568,-89.7594971053867,2,1,-1319,-20017,32767,28533,14378,-32768,-4176,31050,-4041,20679,11152,-23043,32767,28469,27342,-17323,15766,-32768,-10741,7331,-14706,3496526686,2,1,-0.80507827997680592,-12.217780083620715,20,-0.3459426522439078,0.066420989230830299,0.48431971314147088,0.80084102605361818,17.415692617572557,8.7759025849177519,-20.00061037018952,-2.5489059114352854,18.951994384594258,-2.4665059358500931,31.554612872707295,17.017120883816034,-35.161900692770168,200,173.76628925443282,166.88741721854305,-1057.3442793053987,962.30964079714352,-2000.061037018952,-1.3111972411267434,4.4746238593707082,-89.761040070802949,2,1
rand078,-19.551155549569714,1.8304707153600517,-17.728926965005858,0.42976976926640675,-0.49303991025119304,-0.06779661551588495,-0.75340109586380777,12.748485860465637,-4.2997741300085845,15.91520363436836,-2.1810225973551587,-8.2106089195749128,-3.5510244151211605,-8.2923228533692406,-17.048549911378569,-42.277502991993018,-76.887533448964973,193.55701589568235,-152.12968744151914,417.11193278412105,569.43194240793855,-532.63105477999238,-2.8893586454324218,13.713064653426057,197.74096489569288,0,0,-32032,2999,-29046,20886,-7045,26075,-3573,-13452,-5818,-5434,-11173,-27706,-12597,31711,-24924,6834,9329,-8726,-23669,22467,32397,3432878641,0,0,-19.55137791070284,1.8305001983703115,-17.72881252479629,-0.43035265939142126,0.49262233679532469,0.067804759839805925,0.75334078370158031,12.748191778313547,-4.3000579851680047,15.915402691732536,-2.1808526871547596,-8.210699789422284,-3.5511337626270332,-8.2918790246284377,-17.04916531876583,-42.27729117709891,-76.888332773827329,193.55449079866941,-152.1286660359508,417.12698751792965,569.41434980315557,-532.60902737510298,-2.8893704031495102,13.713187047944578,197.74163029877622,0,0
rand079,3.3270616467971612,10.406312699264706,-8.8154762239740752,-0.84914442615880648,-0.080268286762804217,0.46348091779528594,0.24020030079755342,8.1930552453551062,17.968897536921371,11.907865708418214,14.812616193645889,-17.665680861636037,-16.892887597402186,22.148512861840327,14.544665942830425,-44.962740639231484,4.7445303281724049,-199.00074621363078,39.112907130050615,2117.248183464153,1055.4127106400626,-1855.8511622948681,-0.085843182518289846,-3.075631722116825,143.34542559220316,1,1,5451,17049,-14443,13423,29439,19509,24268,-28943,-27676,14515,9532,-29466,777,-32603,6408,32767,17291,-30405,-703,-5039,23485,597869906,1,1,3.3271279030732139,10.406201361125522,-8.8155766472365489,0.84893734780701369,0.080258695320586604,-0.4635631540068364,-0.24077608596175981,8.1929990539262061,17.968688009277628,11.907712027344585,14.812463759269997,-17.665944395275734,-16.892605365153965,22.148808252204962,14.545121616260262,-44.962920010986664,4.7425763725699639,-198.99899288918729,39.112521744437998,2000,1055.3910946989349,-1855.8305612353893,-0.085818048646504108,-3.0756553849909971,143.3454390087588,1,1
rand080,16.664153751367113,9.9275727623648997,1.4706620658578879,0.58160397866977087,-0.67450461330755906,0.090013475620403391,-0.44573300621453643,18.586258812973355,-17.631621607538644,-14.68124887630276,-15.111219278217275,14.008816645628414,2.4281204355514734,-46.935203040819886,11.603688917534811,50.962687778313928,-23.930528864347966,-60.480019622324676,-206.61342255538315,53.897962434359044,1375.8396086502958,-583.94844783716962,2.9963511483823315,15.721495046656569,-118.35021515117265,2,0,27302,16265,2409,30451,-28887,-24053,-24757,22951,3978,-30759,7604,32767,-3921,-9909,-32768,883,22541,-9567,24545,25757,-19390,1170669378,2,0,16.664326914273506,9.9276711325418869,1.4703817865535447,-0.58118365576976505,0.67498083556011879,-0.089945089583416016,0.44557413609015323,18.586382641071811,-17.631763664662618,-14.68123416852321,-15.11093478194525,14.008606219672231,2.4280526139103364,-46.935941648609884,11.603137302774133,50,-23.932615131076997,-60.481582079531236,-200.0061037018952,53.895687734611045,1375.8354441969054,-583.94116031373028,2.9963072603534044,15.721304971465194,-118.35077974791712,2,0
rand081,-7.5796423603194283,-17.208498850013434,-19.241545074263918,-0.27784902042405801,0.82327192160928464,-0.16299678134435097,0.46739203481716401,-3.3549707983359474,15.21979370052037,7.7741725601067726,-7.4713910311977276,19.791442834073916,-7.9099230374306764,24.186356784391133,-41.884440653300601,-13.358671338844108,-144.76518324323959,86.73665211285693,63.785584357082968,1070.4721652339672,-1104.4198763509255,2129.2278971885999,-4.2012682002814641,0.10116930227731302,138.77127853894351,0,1,-12418,-28194,-31524,-5497,24935,12737,-12241,32425,-12959,15850,-27449,-8754,-23718,14210,10450,17538,-18094,32767,-32768,166,22736,1400253266,0,1,-7.5795770134586631,-17.208777123325298,-19.24130985442671,-0.27813789240410186,0.82293409352547964,-0.16328493185912446,0.4677144658337633,-3.3552049317911314,15.219580675679801,7.774285103915525,-7.4715414899136325,19.791253395184178,-7.9097872859889522,24.185918759727773,-41.88512833033235,-13.357951597643972,-144.76760155034029,86.733603930784014,63.783684804834131,1070.4672383800776,-1104.4038209173864,2000,-4.000122074037904,0.10132145146031069,138.77376628925444,0,1
rand082,-4.2887011826724066,0.40853514111504774,4.109700196221767,-0.14225874145490175,0.055901959403675622,-0.27176773802028092,0.9501472085870889,-7.6618824105424395,9.298357067509345,1.3691574577752661,21.399414856270489,-10.496578222063988,14.521783382403282,-51.198808952628738,8.4476294800461869,47.765079743871048,-196.42712497760408,156.20223465475817,116.84111926976374,-1923.6383481605669,427.6212455750138,-500.26745895551244,1.352297635096624,-16.461554833211899,-131.38574082326295,1,0,-7026,669,6733,-12553,15234,2243,32767,-17197,23792,-32768,5536,31302,-32182,25591,19143,-31516,7006,-8196,11078,-26970,-21526,3650658620,1,0,-4.2884609515671253,0.40833765678884243,4.1096224860377824,-0.14252837272449001,0.055350824359025247,-0.2712190393592237,0.95029583914712845,-7.6619769890438549,9.298379467146825,1.369060335093234,20,-10.496536149174474,14.521927549058503,-50.0015259254738,8.4475234229560225,47.764519180883205,-196.42933439130832,156.19983520004882,116.84316537980285,-1923.6426892910549,427.62535477767267,-500.25940733054597,1.3523361919003876,-16.461684011352887,-131.3882869960631,1,0
rand083,10.266721152044056,5.0027848693542856,-4.5285326661457352,0.6757522468434719,-0.51637500270152448,0.32131490729459966,0.41650028549961726,9.7115732504536609,-21.181844850101854,-21.430100831158001,-18.567504998451241,11.475609273075419,21.374963263630434,-45.42161786900801,-19.972883432215262,-39.897198515024478,-76.013561977682372,58.729281958125263,67.235166394256197,515.77850778315519,-737.54479786199306,1979.8242489387976,-4.248105977537902,20.48512533318344,-110.12090601047464,2,1,16820,8196,-7419,15911,-32768,-32768,-30420,18801,32767,-29767,-13089,-26146,-12454,9622,11015,8450,-12084,32436,-32768,32767,-18042,146514733,2,1,10.266426587725455,5.0025940733054597,-4.5283364360484635,0.6760508991951909,-0.51614643714791042,0.32103478128234642,0.41651495330166494,9.7116000854518258,-20.00061037018952,-20.00061037018952,-18.567461165196693,11.475569933164465,20,-45.422223578600423,-19.972838526566363,-39.896847437971132,-76.015503402813806,58.729819635608997,67.232276375621808,515.76281014435256,-737.5713370159001,1979.7967467268898,-4.000122074037904,20,-110.12298959318827,2,1
rand084,-1.7375567824863256,3.40924920262341,0.5381558206679089,-0.058219090538654587,0.405229694962423,-0.5469583520330511,-0.73023009590046495,-16.186002193492474,-9.6148150326117872,11.785582442765632,-20.338649521519585,-21.013782419461769,15.191237906714102,8.3868137318932252,-10.306020752918711,-51.719663408625792,213.43932687780915,51.25158790194925,-49.037282451279196,-8.4381600408414137,-1700.0278398886401,-291.34158228214346,1.4325776172863112,11.707833977997208,158.4833053384499,0,0,-2847,5586,882,-26518,-15752,19309,-32768,-32768,24889,5496,-6754,-32768,32767,8397,-8034,-138,-27852,-4773,11735,19182,25965,3802361739,0,0,-1.73772392956328,3.4095278786584062,0.53834650715659049,0.058118365576976506,-0.40544478842985993,0.54658939054537425,0.73039497346364823,-16.185796685689869,-9.6145512253181558,11.785637989440596,-20.00061037018952,-20.00061037018952,15.191503646961882,8.3864864040040281,-10.306100650044252,-50.0015259254738,200,51.252784813989685,-49.037141026032288,-8.4231086153752255,-1700.0030518509475,-291.32969145786922,1.4325388348033081,11.708120975371562,158.48261970885341,0,0
rand085,-20.539577425056951,-11.4322357106448,1.7147302834357943,-0.10112706117529344,-0.7273936627298182,0.40140399519374331,-0.54730851405861503,5.6813301290286162,-9.8334699029399744,13.382747059215287,-13.650995052811362,14.963993488485645,2.5422148114480771,14.398018443449006,-52.448299713807124,-27.867621866550767,-194.29954326578871,64.037541701159313,-28.874520783780891,-1919.6780568016889,-1416.1797372623491,721.76513858550379,-0.93050149494370438,11.90472754162829,-132.86751473121694,1,1,-32768,-18730,2809,9308,-16111,21926,-22365,24516,4165,9436,-32768,-18263,-31833,10492,-4731,-31451,-23202,11825,-7622,19504,-21768,1687387020,1,1,-20.00061037018952,-11.432233649708548,1.7145298623615222,0.10101525445522107,0.72696965456460905,-0.40129347660293302,0.54797316115434991,5.6813257240516375,-9.8336741233558147,13.382976775414289,-13.650929288613543,14.963835566270943,2.5421918393505663,14.398632770775475,-50.0015259254738,-27.867976928006836,-194.29914242988372,64.040040284432507,-28.876613666188543,-1919.6752830591754,-1416.1809137241737,721.76274910733355,-0.93044831690420238,11.904660176396984,-132.86538285470138,1,1
rand086,4.5945357145943042,2.3004150648524337,17.407972997727907,0.50497658451620531,0.81021633201603849,0.12324066452429851,0.27085029634917052,-12.480985616790718,-20.944820420375031,8.1762397007656986,-17.498081702405599,9.0093915085244003,-0.67131216099167546,44.165095941815323,44.130363793246048,-1.1508319436212056,-38.58007001293857,80.339007039198989,-193.89647427377014,-1871.1932043702288,1309.2597106954743,-564.3015596021221,-0.50042774254568878,-14.979098952434947,-20.194857668035134,2,0,7527,3769,28520,-20448,-32768,13396,-28668,14761,-1100,28943,28920,-754,-6321,13162,-31767,-30657,21450,-9245,-4099,-24541,-3309,1993959108,2,0,4.5942564165166173,2.3004852443006683,17.407757805108798,0.5050762722761053,0.81004376051752791,0.12315558419883117,0.2712190393592237,-12.480849635303812,-20.00061037018952,8.1765190588091681,-17.49809259315775,9.0096743675038908,-0.67140720847193824,44.164860988189339,44.129764702291943,-1.1505478072450941,-38.581499679555648,80.336924344615014,-193.89629810480056,-1871.2118900112919,1309.2440565202796,-564.28724021118808,-0.50038148136844995,-14.979094821008943,-20.197149571214943,2,0
rand087,4.7033298823365506,5.3271862538355927,19.248228026058538,-0.23677159359543962,-0.81189481735312929,0.4490778424436504,0.2882622234139614,-11.684394152349745,-7.0597786187299167,9.5227906603482584,-19.937740555804872,-18.910166962321,-20.832194427995084,-12.950818308959242,-5.3652869117434747,36.85203496978982,163.82716587160172,39.853278122490089,161.4360685732932,2108.1880501963051,-967.91872202373281,1103.5954220248366,3.7288435991914199,-16.258186962830958,-72.471596884624617,0,1,7706,8728,31535,-19143,-11566,15602,-32665,-30981,-32768,-8487,-3516,24151,26841,6529,26449,32767,-15858,18081,30546,-26637,-11873,1790111024,0,1,4.7035126804406877,5.3273110141300695,19.248023926511429,0.23662477413483293,0.81173451187324375,-0.44972544791708013,-0.28782428666693133,-11.684316537980285,-7.0595416119876706,9.5229956968901632,-19.937742240668964,-18.909878841517379,-20.00061037018952,-12.950529496139408,-5.3651539658803067,36.852626117740407,163.82946256904813,39.851069673757131,161.43681142612994,2000,-967.92504654072695,1103.6103396710105,3.7288735618152411,-16.258430738242744,-72.469252601702934,0,1
rand088,7.3402192026063329,-9.4958203731323341,-13.080019401530322,-0.42500710382163881,0.60715491923169296,-0.045381936326687286,0.66983008711847181,-3.5708821141252027,4.3563491279225159,7.1168367620807755,9.6135460410306983,-0.88811038676839127,-7.9966285342922223,-3.501875707353852,-49.295603915297399,-1.9380452053395292,52.949990167186492,187.98134824552201,-97.134598518028625,-1891.4251953674188,-873.81868581587685,3.7046457825406609,-3.3286248315154987,1.9573748255068653,-8.5648444870424889,1,0,12026,-15557,-21430,-5850,7137,11660,15750,-1455,-13101,-2295,-32305,-1270,8675,30798,-15914,-30988,-14316,61,-27267,3207,-1403,3437157855,1,0,7.3403118991668448,-9.4955290383617665,-13.080233161412396,-0.42481757695551875,0.60747529734030203,-0.045664430096195828,0.66964061201135594,-3.5706656086916717,4.3562120426038389,7.1169164098025455,9.6133304849391159,-0.88808862575151826,-7.9964598529007844,-3.5019989623706778,-49.295022431104464,-1.9379253517258217,52.94961394085513,187.98181096835231,-97.13431196020386,-1891.4151432844019,-873.80596331675156,3.7232581560716573,-3.3285927915280618,1.95745719779046,-8.5634937589648121,1,0
rand089,12.020341520849998,18.106818504353981,3.806338306794387,-0.64950683736529902,0.64326543630649713,-0.24524936955145668,-0.32280519420193937,3.3193306809470826,-17.147173572019916,5.0803544105295853,16.557080212573691,5.1759270140278009,16.126167209805963,-17.862612726440428,53.135102306422802,-25.415261113583345,-46.37246758552444,196.22000737827193,-178.99086906632948,240.25240975517792,-739.20262034081111,-840.39956980559418,0.52128375282664674,-6.9412237589677339,-19.874801561148988,2,1,19694,29665,6236,5438,-28093,8323,27126,8480,26420,-11706,32767,-16656,-7597,32148,-29325,3936,-12111,-13769,4270,-11372,-3256,49989353,2,1,12.020630512405774,18.106631672109135,3.80626850184637,0.64963424727800589,-0.64345333317366848,0.24492739778868669,0.32241855189132207,3.3191930906094544,-17.147129734183782,5.080111087374493,16.556901760917995,5.1759392071291241,16.125980407116916,-17.862483596301157,50,-25.415814691610461,-46.369823297830131,196.22180852687154,-178.99105807672353,240.24170659504989,-739.21933652760401,-840.41871395001067,0.521256141850032,-6.9411297952208013,-19.873653370769372,2,1
rand090,19.633868311116107,-14.635387371186239,-20.95429189150547,0.22299229119791411,0.55801143120493257,-0.73775535780119506,0.30759504668729337,-15.234036845936654,10.097760797827918,-6.8114440685401973,-9.4479941651905488,-17.019980970975649,-18.586778731470119,-18.377810443393557,-25.67565275034384,-8.2394126931225387,190.16931107419049,69.498568204970482,-48.646414437562449,134.15230535719198,-1976.8361347170021,-1977.8976104876538,-3.105146824874232,18.026630913019076,-122.12749576213076,0,0,32167,-23978,-32768,-24959,16544,-11160,-15479,-27885,-30452,-12044,-16826,-5400,31156,11386,-7970,2198,-32387,-32405,-25437,29534,-20009,2515645730,0,0,19.633777886288033,-14.635456404309213,-20.00061037018952,-0.22278706804507661,-0.55765955541717938,0.73824907690894559,-0.3071970751925901,-15.234229560228279,10.097964415417952,-6.8117313150425733,-9.4479201635792105,-17.020172734763634,-18.586993011261331,-18.378246406445509,-25.675222022156436,-8.2399975585192422,190.1669362468337,69.496749778740806,-48.646504104739527,134.15936765648365,-1976.8059327982421,-1977.904599139378,-3.1051973021637624,18.026673177282021,-122.12897122104556,0,0
rand091,-5.2210175510514993,-3.6927177292062137,5.9244272016327351,0.023373523403908605,-0.72666034419437175,-0.072352018920828973,-0.68277639673401436,-13.80153405074878,-1.2923094261234747,13.075317351044305,-3.9545229694750219,-19.22826295396937,-13.821057562577515,39.994800184368238,44.467428928484289,-21.03941771341195,44.374891504772108,-144.040185688777,-46.135484399140566,1528.2147970060539,-1021.6845284320029,1334.99499595413,-0.70581119075163601,-16.976085878088274,168.57336451226703,1,1,-8554,-6050,9706,-22612,-2117,21422,-6479,-31503,-22644,26210,29141,-13788,7270,-23599,-7559,25038,-16739,21872,-5782,-27813,27618,1593365485,1,1,-5.2211066011535996,-3.6927396465956601,5.9242530594805753,-0.023524100352585727,0.72723695405330913,0.071956071666732818,0.68219891022498613,-13.801690725424971,-1.292153691213721,13.075350199896237,-3.9545884578997161,-19.228492080446792,-13.821222571489608,39.994506668294321,44.46699423200171,-21.039460432752463,44.373912778099914,-144.04126102481155,-46.137882625812559,1528.2448805200354,-1021.698660237434,1335.0016785180212,-0.7058320871608631,-16.976226081118199,168.5720389416181,1,1
rand092,8.5035613854363739,7.2682467494969485,2.9061215015880792,0.56820063380271479,0.35261231664124887,0.6831869222440683,-0.2933738624584033,-3.2790999925007749,19.87093891764566,-20.002732547812041,-8.0909611714622347,-11.045787344168316,-4.6749492027496213,-49.514901104995502,-12.41186860273146,-49.945056624819593,-67.422190023947238,203.0416058304402,167.11260806109215,-1328.7525249336582,-1378.1087119337105,1019.6393661032757,3.8698473274284724,8.6076236318347767,91.433434218349944,2,0,13932,11908,4761,-5372,32556,-32768,-13256,-18097,-7659,-32449,-8134,-32731,-11046,32767,27379,-21770,-22578,16705,31701,14102,14980,3116105004,2,0,8.5036774803918576,7.2682882168034917,2.9059724723044527,0.56872972028898439,0.3528615052887859,0.68262401357184399,-0.29335936910283378,-3.2789086581011384,19.871211890011292,-20.00061037018952,-8.0910672322763748,-11.045869319742424,-4.6748252815332503,-49.514755699331644,-12.411877803888059,-49.945066682943207,-67.421491134372999,200,167.11325418866542,-1328.7759025849177,-1378.0938138981292,1019.6234015930662,3.8698690755943481,8.6074404126102486,91.43345439008759,2,0
rand093,-13.035322785717229,4.8852522028705172,12.550515924414714,0.077637583855639139,-0.58146213788193701,-0.48724209476937297,0.64689205348928147,-14.495036930750878,-18.912782252024808,-0.11880768610466941,0.0015745268233544607,-20.28408415464126,-21.316021132876823,16.734046207744019,52.882705131778913,-46.376237173402224,154.49663198286666,10.127104987000797,49.240294561558386,-1737.6054965743763,1066.0697066164676,-161.59594372108037,2.2366557717612641,-18.76602517303709,-7.1483954517949355,0,1,-21356,8004,20562,-23748,-30986,-195,3,-32768,-32768,10966,32767,-30392,25312,1659,8067,-28468,17466,-2648,18322,-30745,-1171,3816911008,0,1,-13.035065767387922,4.8854029969176302,12.550431836909086,0.077491154102635337,-0.58118365576976505,-0.48708725435942213,0.64727635978964382,-14.495071260719627,-18.912930692464979,-0.11902218695638905,0.0018311105685598315,-20.00061037018952,-20.00061037018952,16.733298745689261,50,-46.37592699972533,154.49690237128817,10.126041444135868,49.23856318857387,-1737.6018555253761,1066.0725730155339,-161.62602618488114,2.2366405224768822,-18.765831476790673,-7.1474349192785427,0,1
rand094,-1.3870537270848136,15.218513460868699,14.603495495599851,0.44816807474514619,-0.53588878192976364,0.64160065613759598,-0.3167288875755882,-3.0646549462797408,-0.91771361360794046,13.012648407033234,-7.3301802007301173,19.668547233212212,18.569473245176688,28.412600926774026,-54.895658227536408,-33.311408855972395,94.932333482842225,-189.78328651045931,194.01212408692146,1324.8916648806198,-1746.6898641379998,1816.1132323746949,1.8861753951225324,16.025635712122948,-2.3576197609863181,1,0,-2272,24933,23926,-5021,-1504,21319,-12009,32224,30423,18620,-32768,-21830,15553,-31093,31786,21706,-28617,29754,15451,26256,-386,3024221467,1,0,-1.3867610705893125,15.218359935300759,14.603717154454177,0.44834167730810454,-0.53551922567356935,0.64171159106598086,-0.31688346945541956,-3.064668721579638,-0.91799676503799554,13.012482070375682,-7.329935605945006,19.668568987090669,18.569292275765253,28.412732322153385,-50.0015259254738,-33.310953093050934,94.930875576036868,-189.78240302743615,194.01226844080935,1324.8695333719902,-1746.6963713492232,1816.0954618976409,1.8861659596545304,16.025879696035645,-2.3560289315469833,1,0
rand095,10.844683575377532,-19.755476023556959,6.1673017073760743,-0.7644391611311836,0.08127037446260893,0.27877079839351471,-0.57559945893546649,-9.0375250534803122,-14.948998378181164,4.824830368397274,6.2551558023851683,-1.7328811531862596,-8.7157790195149509,41.848437247219138,-32.862472396613235,-42.872155705502223,-91.414236973287316,66.272619001978356,-89.854704113430785,135.46987273518374,-580.52201427328885,2034.7418048862062,-3.9648989538796524,6.8939194580694911,91.173110681755659,2,1,17767,-32366,10104,-14807,-24492,7905,10248,-2839,-14279,27425,-21536,-28096,-14977,10858,-14721,2219,-9511,32767,-32479,11295,14937,475324320,2,1,10.844447157200843,-19.755241554002502,6.1671803949095123,0.76459305554303414,-0.081642465929562244,-0.27813789240410192,0.57564857333386266,-9.0377513962218092,-14.949186681722464,4.8249763481551557,6.2550737022003844,-1.7328409680471206,-8.7154759361552774,41.848506118961147,-32.862331003753773,-42.872402111880852,-91.415143284401992,66.273995178075509,-89.852595599230938,135.44114505447553,-580.52308725241858,2000,-3.9648426770836513,6.8941312906277661,91.170995208594007,2,1
rand096,0.16096529573884855,17.218440943823737,7.5739765072341321,-0.32861425991495052,-0.13917208869388345,-0.58297850571282939,0.72991770754378038,-18.57983350411207,20.026532989091638,12.29450210013999,-17.191225006566874,-8.1064718069929178,-8.0785079777782549,34.729460745650165,8.3486861530189689,38.011373160050908,-76.679787995504398,-109.5650869805054,-71.393816375521538,-561.8947498167289,-110.89658027208395,281.38964923190571,-2.0865460959206676,-10.168266920188051,-208.56953810171919,0,0,264,28210,12409,-30440,32767,20143,-28165,-13281,-13235,22760,5471,24910,-12563,-17951,-11697,-9206,-1817,4610,-17092,-16659,-32768,3510004827,0,0,0.16113773003326518,17.218543046357617,7.5740836817529829,-0.32795363432722457,-0.13976083150653873,-0.5825674263787407,0.73043036453218213,-18.579668568987092,20,12.294686727500229,-17.19107638782922,-8.1063264870143747,-8.0782494582964564,34.730063783684805,8.3483382671590327,38.010803552354503,-76.68080690939054,-109.56755272072512,-71.395001068147835,-561.90679647206025,-110.9042634357738,281.38065736869413,-2.0864894558549762,-10.168156987212745,-200.0061037018952,0,0
rand097,9.2829983114216574,-8.2389341538775138,2.8306715236191207,0.15890430732059421,0.68524794808212364,-0.52118299630649256,0.48327316822392286,-17.786780321376789,-16.67740579682059,8.1402669434636454,13.621995958281948,-17.361821780148443,12.347253983444789,30.738112796951942,6.3088509968769033,-11.409679443571182,-216.56009758029921,-135.55859398434941,210.92476331627407,1281.9464858641531,-603.47111378396505,1281.0480505692419,0.89059449437845206,1.1417666365061194,124.97971507287086,1,1,15209,-13498,4638,-29141,-27323,13337,22318,-28445,20229,20144,4134,-7477,-32768,-22209,32767,21003,-9887,20988,7296,1871,20476,1731338077,1,1,9.2831202124088268,-8.2387768181402024,2.8308969389934995,0.15913362003219761,0.68505310634316696,-0.52168151958381304,0.48293594253249533,-17.786797692800683,-16.677144688253424,8.1405072176274906,13.622241889706107,-17.361980040894803,12.347178563798945,30.738242744224372,6.3081759086886198,-11.409344767601551,-200.0061037018952,-135.55711539048434,200,1281.960509048738,-603.4730063783685,1281.0449537644581,0.89065218054750206,1.1420026245918149,124.9794000061037,1,1
rand098,10.214865408687707,20.487435428984696,-4.9704956353747702,-0.36696312023734068,0.20037249405343033,0.78012326932861908,0.46539941627005699,-10.667230659637033,19.067061195727582,-11.837886523032488,-13.709147462865291,18.512646094715532,-9.9165620155555185,50.650107883318711,-51.242789685772429,24.582390993138052,112.53548201132394,178.59367836772466,204.06759621621478,376.47684434118264,-1034.3530538862738,696.32478185336674,-0.033591915808799923,-12.430093383163378,3.1689892130618347,2,0,16736,32767,-8143,-17477,31239,-19395,-22460,30330,-16247,32767,-32768,16110,18437,29260,32767,6168,-16946,11408,-275,-20365,519,2407155536,2,0,10.215155491805779,20,-4.9702444532609027,-0.36669921137854222,0.20064673830146651,0.78044662346225602,0.46494692461581205,-10.667439802240059,19.067354350413527,-11.83812982573931,-13.708914456617938,18.512527848139896,-9.9166844691305283,50,-50.0015259254738,24.58265938291574,112.53395184179205,178.59431745353558,200,376.47633289590135,-1034.3333231604968,696.31031220435193,-0.033570360423596915,-12.430188909573657,3.1678212836085087,2,0
rand099,-12.803676740502608,7.6153148007954066,14.189231537347773,0.34117140675621088,0.2004288507708937,0.065988577938076859,-0.91601083758455459,-19.235469863853027,-19.85471100976876,21.842947477237491,13.55569692242471,9.5273649319230582,6.1913849461372248,-17.355243815667386,44.084091429236004,31.09329338883509,61.483880803180703,136.4070393201753,-96.418485280499979,-202.22251648227942,-1859.551115669909,1448.6208858993402,2.6830844589040108,12.939726721530674,-19.925163699535638,0,1,-20977,12477,23247,-31514,-32529,32767,22209,15609,10144,-11374,28890,20377,10073,22348,-15797,-3313,-30466,23733,21979,21200,-3264,3499474384,0,1,-12.803735465559862,7.6155888546403396,14.189275795770135,-0.34179134041698089,-0.20064673830146651,-0.066420989230830299,0.91570072524517765,-19.235206152531511,-19.854731894894254,20,13.555711539048433,9.5272682882168027,6.1915952024903103,-17.355876338999604,44.083986938077942,31.09378337961974,61.482589190343944,136.40552995391704,-96.420178838465532,-202.21564378795739,-1859.5538193914608,1448.5915707876827,2.6830652790917693,12.939848017822809,-19.922482985930966,0,1
rand100,-3.9440434068113519,-5.7978825634630766,11.127457929288767,-0.15490190135726131,0.38567654913960803,0.66524149041337211,-0.62025217438737301,3.5391528805106933,-5.9724447146419486,2.124221728695046,-2.8309474180531402,-8.207509391635865,21.01074301782187,-12.954367484980729,11.182975652152443,8.0876156725523689,211.18302139344146,132.60793332175191,142.48882389879043,398.16521323811139,308.81819417819491,-1030.743091070919,-2.7836701799274883,-12.359992930319287,162.61554401124081,1,0,-6462,-9499,18231,5798,-9785,3480,-4638,-13447,32767,-8490,7329,5300,32767,21726,23345,6523,5060,-16887,-22803,-20250,26642,2567724096,1,0,-3.9442121646778769,-5.797906430249947,11.127658925138096,-0.15498230820527067,0.3860719999042011,0.66529440199598922,-0.6199292328210827,3.5389263588366342,-5.9724723044526504,2.1240882595294046,-2.8308969389934995,-8.2076479384746843,20,-12.955107272560808,11.183507797479171,8.0874050111392553,200,132.60902737510301,142.49092074343088,398.14447462385937,308.84731589709156,-1030.7321390423292,-2.7836542863246558,-12.359996337778863,162.61482589190345,1,0
rand101,-0.52549530510811371,19.304823887687995,0.40136704843346438,-0.39124272497131229,0.75011085768706154,-0.53184196342169465,0.037509429224662653,-1.7332989349694841,7.3663767988055344,-15.300641631073656,4.1309123483996277,-12.064540267056739,17.331368865431109,11.091540149265446,23.579888752130135,-32.187324312530315,-144.95014299432285,180.35459154364716,-201.41825637274371,1301.6362556691799,1566.1175792659353,1874.5730591287659,2.3517637919927212,20.134929234659317,103.73791317615186,2,1,-861,31628,658,-2840,12069,-25068,6768,-19766,28395,7269,15453,-21094,-23748,29548,-32768,21325,25658,30712,19265,32767,16996,1313997339,2,1,-0.5255287331766717,19.304788354136782,0.40162358470412307,-0.39160708234010361,0.75026403926531338,-0.53136791384664239,0.037361806442342042,-1.7334513382366405,7.3665578173162025,-15.300759910885953,4.1309854426709798,-12.06457716605121,17.331461531418807,11.091952269051179,23.580126346629232,-32.18787194433424,-144.95071260719627,180.352183599353,-200.0061037018952,1301.6144291512803,1566.087832270272,1874.5689260536515,2.3517563402203439,20,103.73851741080965,2,1
rand102,-7.9901410238542692,-9.7843343793605175,6.8796812541752157,0.61766913103558485,-0.063429190478174205,-0.47530759560759611,-0.62333319494372741,11.039078671659876,12.948857117749027,-3.8694807830523654,14.189741493491685,-16.359708693108395,10.294655992949171,16.680092656921396,45.523902341022776,0.013337080644391097,-154.71742374574899,-217.42340779427616,-217.10549642633134,1365.6027244834986,2118.4794637425152,-2174.9533243883393,-1.3358797159597813,11.711640480949207,12.808779365895614,0,0,-13091,-16030,11271,18086,21215,-6340,23248,-26803,16866,10931,29834,9,-25348,-32768,-32768,22373,32767,-32768,-10943,19188,2099,3291003735,0,0,-7.9903561510055852,-9.7842341380047007,6.879482406079287,-0.6171616916031315,0.063653448012879033,0.47463331887864146,0.62432595459733919,11.039155247657705,12.949003570665608,-3.8697470015564441,14.189886165959654,-16.359752189703055,10.294503616443373,16.679891354106264,45.524460585345011,0.013733329264198737,-154.71663563951537,-200.0061037018952,-200.0061037018952,1365.5812250129704,2000,-2000.061037018952,-1.3358561967833491,11.711783196508682,12.811670278023621,0,0
rand103,5.973649136315144,14.880026765747381,-2.4987428439004251,0.9073223227142021,-0.26250491706050294,0.32222206504321205,-0.063484738503452751,3.6058175973515381,12.060591698835005,-19.232277492355799,16.953588194250173,-6.4368317705564353,-19.229933772301706,17.291331451254457,-32.602669376821481,8.3959406969825618,63.229119775141555,49.493903131996873,107.32760128508222,-536.04957941607813,1791.9289898570746,-983.91893054862715,3.4622089064123891,1.0563241942203914,54.688470995449407,1,1,9787,24379,-4094,5908,19759,-31509,27776,-10546,-31505,11332,-21366,5502,10359,8109,17584,-8782,29358,-16120,28362,1731,8960,338404818,1,1,5.9736930448316903,14.880214850306711,-2.4988555558946501,0.90712153226842529,-0.26291641570536989,0.32241855189132207,-0.063653448012879033,3.6060670796838283,12.060304574724571,-19.232154301583911,16.953642384105962,-6.4369640186773278,-19.229712820825831,17.291787469100008,-32.602923673207798,8.395641956846827,63.228247932370984,49.494918668172247,107.32749412518693,-536.02710043641468,1791.9248023926511,-983.91674550614948,3.4622638630329297,1.0565507980590227,54.68916898098697,1,1
rand104,-18.127633152674907,-7.1075466299526813,20.232580355305942,-0.83836851607736451,-0.17888994495663874,0.048118466746016691,-0.51266093278273195,-1.3103073516299424,15.846576208444512,19.393059832940938,-15.469192226675435,-20.846331458762755,16.457260799566605,37.905375019553283,-42.890153137548893,11.597244827569069,84.899825306169902,156.6508124397678,-154.94989733371486,847.25138864141366,503.04105521220873,-2101.8042433087307,-0.90632202355379587,11.924670901834435,46.116518683512922,2,0,-29699,-11645,32767,-2147,25962,31773,-25344,-32768,26963,24841,-28108,7600,13910,25665,-25386,13881,8242,-32768,-7424,19537,7555,672626546,2,0,-18.127384258552812,-7.1077608569597457,20,0.83883895826669352,0.17850640855785641,-0.048431971314147088,0.51199512532098346,-1.3104647968993195,15.846430860316783,19.393292031617175,-15.469222083193458,-20.00061037018952,16.457411420026247,37.905514694662315,-42.890713217566457,11.597033600878934,84.902493362224192,156.6515091402936,-154.94857631153295,847.25486007263407,503.06711020233774,-2000.061037018952,-0.90627765739921262,11.924802392651143,46.113467818231754,2,0
rand105,-21.80811755461847,-14.650728443886846,4.7040650343161889,0.76338113139484998,0.53003441630788128,0.14096467629569531,-0.34123558694299772,-15.603527159886983,0.67705599657450044,20.985106270106694,13.839583063112206,-5.9523278548456275,-19.509066513098926,-28.27859026217622,33.128645214082994,-51.387969669576648,137.95519355828006,-89.635451006717133,-59.99599751444083,-734.15363602300908,484.33402834586781,-1443.391637843823,0.89180365124623795,-13.430825989268513,-29.757474019836096,0,1,-32768,-24003,7707,-25564,1109,32767,22674,-9752,-31963,-18532,21711,-32768,22602,-14685,-9829,-12028,7935,-23648,7305,-22004,-4875,939104521,0,1,-20.00061037018952,-14.650715659047211,4.7041230506302076,0.76313412243605838,0.52998414323766674,0.14114460211551438,-0.34179134041698089,-15.603503524887845,0.67690054017761769,20,13.839533677175206,-5.952330088198492,-19.509262367625965,-28.278450880458998,33.129367961668756,-50.0015259254738,137.95587023529771,-89.63286233100375,-59.993285927915281,-734.15326395458851,484.32874538407543,-1443.4034241767631,0.89175084688863793,-13.430585650196845,-29.755546739097262,0,1
rand106,13.86957033662018,0.70842344059895312,9.723425080180375,0.66823407982274885,-0.066966504338880337,-0.73857866016459739,-0.058993767548301913,-10.065942318821964,13.129189163480508,-2.2500633270812651,-18.409996965817566,8.1440148177349201,13.428437421378394,-26.056510619932041,-10.004242826951321,9.1705858090248267,-187.77224627446563,-155.7160904669349,-147.3015156188431,-1420.0107938703643,-1639.2470994464086,243.96429959532693,-0.25196432099301697,13.517796397941231,-39.515337567383774,1,0,22723,1161,15930,-16492,21510,-3686,-30162,13343,22000,-17076,-6556,6010,-30764,-25512,-24133,-23265,-26857,3997,-2064,22147,-6474,2178466347,1,0,13.869441816461684,0.70863979003265476,9.7231971190527062,-0.66836120413522981,0.066420989230830299,0.73847210427057564,0.05950213618595214,-10.066225165562914,13.129062776573992,-2.249824518570513,-18.409985656300545,8.1441694387646102,13.428144169438765,-26.056703390606401,-10.00396740623188,9.1708120975371568,-187.77428510391553,-155.71764275032808,-147.30063783684804,-1420.0262459181492,-1639.2712179937132,243.96496475112156,-0.25196081423383282,13.517868587298196,-39.515366069521164,1,0
rand107,0.11029822095140762,-8.4150128798909698,-1.8027529255526291,0.18471336008236203,0.40011845040267274,-0.89320806658994101,-0.089249930157435833,6.8341312272307366,16.487525667626294,7.7622442864924759,-0.077418926053015369,13.869075689268568,3.0342475919171683,-50.343681899728296,39.140151278790611,-53.315898612766702,-140.0287898219016,173.92660948873257,-9.8982175850314071,835.34977694573149,261.9467966354178,29.819971091720944,-1.8095260765164238,20.704339357497904,-91.557535157329667,2,1,181,-13787,-2954,11197,27012,12717,-127,22722,4971,-32768,25650,-32768,-22942,28495,-1622,13686,4292,489,-14823,32767,-15000,2545122880,2,1,0.11047700430310983,-8.4151738029114664,-1.8030335398419142,-0.18404149099375894,-0.39990970599395737,0.89350872935082626,0.088561318974440389,6.8343150120548115,16.487319559312724,7.7620777001251255,-0.077517014069032872,13.868831446272164,3.0341502121036408,-50.0015259254738,39.139988402966402,-50.0015259254738,-140.03112887966552,173.924985503708,-9.9002044740134885,835.35264137699517,261.9708853419599,29.847102267525255,-1.8095034638508256,20,-91.555528427991575,2,1
rand108,0.79815860586881637,20.538611181559265,-13.252585210785933,-0.22260418099927406,0.46570737503517406,-0.20998909428742632,-0.83034245930208617,-14.277605651027915,-11.617620640827639,4.6818331520864831,8.9263418649402499,-15.031489696645568,-17.262097271855094,-46.066994812107765,29.224356943345661,42.295018374434683,-166.31433108998104,209.53188885969925,-53.452693488534202,1715.1351106650936,1276.9634579121398,1096.4429381250161,4.3430187205206234,12.75041166274748,131.29676877745518,0,0,1308,32767,-21712,-23392,-19034,7670,14624,-24627,-28281,-30190,19152,27718,-27248,32767,-8757,28100,20921,17964,32767,20890,21511,3927096984,0,0,0.79836420789208651,20,-13.252357554857021,0.22278706804507661,-0.46633069522478765,0.21033313256429592,0.82985636007006347,-14.277779473250526,-11.617786187322611,4.6815393536179695,8.9260536515396591,-15.031586657307656,-17.261879329813532,-46.06769005401776,29.224524674214912,42.295602282784508,-166.31366924039429,200,-53.450117496261484,1715.1402325510421,1276.9554734946746,1096.4690084536271,4,12.750633259071627,131.29673146763511,0,0
rand109,-4.8205073055209855,5.7736907540617199,-16.457801118251872,0.32794409797108864,0.62574739612967045,0.68001956945174957,-0.19612814689769401,-18.649477205445596,17.229857579857097,6.4246759596575256,16.639415598766227,20.292748331827177,14.043888091163382,45.733340454347875,-51.35499360884031,-20.627898272646455,106.27178183541713,190.68854427667875,7.734295469426371,2184.8746102355844,-814.44059254576496,962.86470363700744,1.0609243540518654,21.524281908745955,-154.13866960564957,1,1,-7898,9459,-26964,-30554,28229,10526,27261,32767,23009,29971,-32768,-13518,17411,31241,1267,32767,-13343,15775,8691,32767,-25253,2933854578,1,1,-4.8207037568285163,5.7734916226691491,-16.458021790215767,0.32795363432722457,0.6254643152569852,0.68016935497438025,-0.1964954264745396,-18.649250770592364,17.230140079958495,6.4247566148869293,16.639301736503189,20,14.044007690664388,45.733512375255593,-50.0015259254738,-20.627460554826502,106.27155369731743,190.68575090792567,7.7333903012176881,2000,-814.41694387646112,962.85897396771145,1.0609454634235664,20,-154.13678395947142,1,1
rand110,-19.766250503519188,10.34192521979247,14.488930251865302,0.15977423929554721,-0.96300867333832141,0.13659941173591586,0.16860334589235457,16.588384824057581,14.337631768224941,10.396000570302215,-2.8703610951076599,-0.21734076105034283,1.0226608884331196,18.809670156371251,-15.352914155144855,18.278253209085619,83.662054077353503,186.6302468821452,36.104366446898169,469.7793643260693,737.901203629414,-2122.8916604622573,0.58789960169627786,-20.49933656226559,210.47641488235442,2,0,-32384,16944,23738,27178,23490,17032,-4703,-356,1675,12327,-10061,11978,13707,30577,5915,7697,12089,-32768,4816,-32768,32767,1490449798,2,0,-19.766228217413861,10.342112491225928,14.488967558824427,-0.15913362003219758,0.96302083682793793,-0.13699329028858748,-0.16882001429502699,16.588641010773035,14.33759575182348,10.395825067903683,-2.870571001312296,-0.2172917874691,1.022370067445906,18.810083315530868,-15.352336191900388,18.277535325174718,83.663441877498698,186.63289284951324,36.103396710104676,469.80193487350078,737.87652211066006,-2000.061037018952,0.58790856654560986,-20.00061037018952,200,2,0
rand111,-15.867073634470456,18.148620839787451,-18.485228954334751,0.37610659918221434,0.46217148559032745,-0.78320446859410764,0.17757281417221651,-3.59217664623913,-1.3745950051869338,-20.298744120794492,4.9464282155851738,-14.806595348330491,1.7177770236563825,-17.75430048135954,9.0810561863398949,45.789667239505135,131.95510254190489,7.4375853965185135,128.28613924738801,1750.4794550648028,2024.4402684069851,130.6556874567859,3.1055888910990705,5.0277376127026434,-129.67151183241123,0,1,-25996,29734,-30285,-5885,-2252,-32768,8104,-24258,2814,-11635,5951,30008,21619,1219,21018,28679,32767,2141,25440,8237,-21245,2399324544,0,1,-15.86718344676046,18.14874721518601,-18.4850611896115,-0.37638560564137163,-0.4621793833978608,0.78316771163907206,-0.17712263794888078,-3.5920285653248696,-1.3745536667989136,-20.00061037018952,4.9464400158696247,-14.806360057374798,1.717581713309122,-17.754142887661367,9.080782494582964,45.789971617786186,131.95593127231666,7.4404126102481154,128.28760643330179,1750.480666524247,2000,130.68025757621999,3.1055635242774744,5.0276192510757776,-129.67314676351208,0,1
rand112,-10.949832158104474,-1.2689181556380329,-3.5393668750423823,-0.20807441499193094,0.49783105234095382,0.0027820816171636275,-0.84193915526761176,-12.763649624005772,20.248828925496767,-4.9156094946067528,-10.659508836726502,-14.49517606671232,-8.8052742214697997,-45.207768596509815,-11.404849067269442,-31.43737830955105,122.78264977724109,137.39100927378365,-46.916963757908128,366.58718917977694,325.51272459034408,-2154.977755251256,-1.664068358317913,-8.4770367275425826,32.816003547778159,1,0,-17940,-2079,-5799,-20911,32767,-8053,-17464,-23748,-14426,-29626,-7474,-20602,20116,22509,-7687,6006,5333,-32768,-13632,-13888,5376,3915538942,1,0,-10.950041199987792,-1.2689596240119632,-3.5395367290261546,0.20756559134634467,-0.49815741923122719,-0.0027675412179512622,0.84187175488285182,-12.763451033051545,20,-4.9153111362041075,-10.6595049897763,-14.495071260719627,-8.8052003540147101,-45.207068086794642,-11.40476699118015,-31.437116611224706,122.78206732383191,137.38822595904415,-46.919156468398086,366.58833582567826,325.51042207098607,-2000.061037018952,-1.6641132847071749,-8.4768211920529808,32.813501388592179,1,0
rand113,-18.639540015556072,-3.7720872267381944,-10.755714218570873,0.12302751445798824,-0.22961214658700596,0.31858190120381508,0.91139896041819102,16.82389601104434,-19.008048634842741,-14.054750130313897,-16.664219028690169,2.0398363016257086,15.842515413082127,34.564917909733545,-53.028587173259176,37.559396870913673,51.515704437818428,-166.43312099848328,160.724502305214,278.08633746675594,-241.97092807791321,885.09454783035676,-0.58418575320327326,19.51541729728299,33.228020186829774,2,1,-30538,-6180,-17622,27563,-31142,-23027,-27302,3342,25956,22652,-32768,24614,8440,-27268,26332,4556,-3964,14501,-4786,31973,5444,3851774694,2,1,-18.639484847560045,-3.7720877712332528,-10.75594347972045,0.12315558419883117,-0.22970592108995477,0.31826724006439516,0.91146796751101067,16.823633533738214,-19.008148442030091,-14.054994354075747,-16.664326914273506,2.0398571733756525,15.842768639179662,34.565263832514418,-50.0015259254738,37.559129612109743,51.51524399548326,-166.43574327829828,160.72267830439162,278.08465834528641,-241.95074312570574,885.09781182287054,-0.5842463454084903,19.515366069521164,33.228553117465744,2,1
rand114,9.1244545210580768,-4.7743582094530872,3.093719137561123,-0.84312752309420402,0.044153094113011111,-0.49262324220979747,-0.21097114806529205,-1.7213627129956524,12.622367978176722,-11.311710485848835,-1.7597960772801038,9.8716404745143169,-13.892050118473666,-23.443558659721454,22.703383749809536,-53.858446271962926,-207.44650375541016,121.9236539558822,120.98834993787065,-2095.9204832183923,1874.4317269447349,2014.9197262264863,-3.2928293501248249,6.7983165510120074,14.697589373811851,0,0,14949,-7822,5069,-2820,20680,-18533,-2883,16173,-22760,-15364,14878,-32768,-32768,19975,19822,-32768,30710,32767,-26974,11138,2408,504205976,0,0,9.1244239631336406,-4.774315622425001,3.0939664906765953,0.84328075386040968,-0.044280659487220195,0.49262233679532469,0.21033313256429592,-1.7212439344462416,12.622455519272439,-11.311990722373119,-1.7596972563859981,9.8715170751060519,-13.892025513473921,-23.444318979461045,22.702719199194313,-50.0015259254738,-200.0061037018952,121.92144535660879,120.98757896664327,-2000.061037018952,1874.4468520157475,2000,-3.2928250984221932,6.798303170873135,14.697714163640248,0,0
rand115,14.673519421129594,11.890920262759348,3.1242880375858513,-0.14108251544939343,0.9652962442818307,-0.046274572229895554,0.21484307895485985,16.048962362865268,6.1245208230369848,6.4771280747745958,-6.0619235761614689,5.2587622132199439,14.229870971367454,-6.7400493312972953,43.165910193039508,-53.429670390674133,-210.7479805994538,9.0394314060884895,-203.7293545562496,999.27155495003251,2143.3991236930733,-1973.5656154678973,-0.30413875704629673,-7.4766869933761537,-219.48070457095088,1,1,24040,19481,5119,26294,10034,10612,-9932,8616,23314,-4417,28288,-32768,-32768,1481,-32768,16372,32767,-32334,-2491,-12249,-32768,1504149147,1,1,14.67329935605945,11.890621662038026,3.1244850001525926,-0.14114460211551441,0.96539597276549238,-0.045664430096195835,0.21448444439122286,16.049073763237402,6.1244544816431166,6.4772484511856439,-6.0621967223120823,5.2589495529038359,14.230170598467971,-6.7400128177739802,43.165379802850431,-50.0015259254738,-200.0061037018952,9.039582506790369,-200.0061037018952,999.29807428205208,2000,-1973.5709707937865,-0.30408642841883604,-7.476424451429792,-200.0061037018952,1,1
rand116,-9.8431567036997354,10.318130940062941,-12.98029484826163,-0.29909787952717531,0.42076413141291846,0.60406780813375183,-0.60712444140815514,-4.079535580839778,-8.0257005754915625,7.7039961639827546,12.960184127593106,-10.398473046947093,-0.3722098028188694,15.449970858534158,46.972397241664908,-41.481073533630166,176.40653903985753,-64.032192976189052,154.7794140498134,564.77757803182556,-1475.4300493766232,687.6162636377552,0.77937403979641895,16.195403065066067,168.17747383068775,2,0,-16127,16905,-21266,-6684,-13149,12622,21233,-17036,-610,10125,30783,-27184,28902,-10491,25358,9253,-24173,11266,6384,26534,27553,3984801867,2,0,-9.8434400463881335,10.318308053834651,-12.980132450331126,0.29889445153873634,-0.42066626512859184,-0.60470775612235084,0.60665519853339323,-4.0797143467513051,-8.0257576219977409,7.7040925321207316,12.959990234076967,-10.398266548661763,-0.37232581560716577,15.449995422223578,46.972563859981079,-41.480758079775384,176.40919217505416,-64.033936582537308,154.77767265846737,564.77553636280402,-1475.4478591265602,687.64305551316875,0.77932065797906436,16.195562608722192,168.17529831843012,2,0
rand117,-21.542958071229329,11.826745951920326,-14.142248345889474,-0.14445632129427696,-0.8605861932566391,0.45761093937209912,0.17063412138595366,-3.3458394600739498,-7.7774479283574873,-12.480501836881617,-20.264875091816489,1.1605300494726589,-14.653180207880753,-8.2601134170383226,33.908854602532287,40.251306499432893,-177.40724795499699,20.707220921181211,73.604048129684784,-852.82611994874935,1558.7677978656154,-394.65290230920556,-1.6489945767945542,-14.606529170310855,-45.101768836021428,0,1,-32768,19376,-23170,-5482,-12742,-20447,-32768,1901,-24007,-5413,22222,26378,-29066,3393,12059,-13972,25538,-6466,-13508,-23931,-7389,1719850373,0,1,-20.00061037018952,11.826532792138432,-14.142277291177098,0.14391214333346564,0.86054067437776094,-0.45802807157093389,-0.17020378490400262,-3.3460493789483321,-7.7773369548631246,-12.480239265114292,-20.00061037018952,1.1603137302774134,-14.653157139805291,-8.2598345896786398,33.909115878780483,40.250862147892697,-177.41019928586687,20.709860530411696,73.604541154210025,-852.80922879726552,1558.7633899960326,-394.66536454359567,-1.6489761040070803,-14.606769005401777,-45.100253303628648,0,1
rand118,8.7398005587684651,-11.488564750359789,-15.256161988326854,0.84692802406878742,-0.11532420736673692,-0.49328926037951371,-0.16148979793288981,8.9071754601864708,17.08320231941811,5.087701107522081,-21.088414167377685,11.092195867842317,14.279540436366974,7.8862623192673231,-43.545418442418253,35.2769709438451,41.34865686298626,163.22089735740352,17.599026055703547,-2089.7229886819855,1530.6408360337064,-2141.5081364800253,3.2349963853556361,-12.121843164367625,-44.571510104610901,1,0,14319,-18822,-24995,14593,27988,8335,-32768,18173,23395,5168,-28537,23118,6774,26741,2883,-32768,25077,-32768,26500,-19860,-7302,449999243,1,0,8.7398907437360762,-11.488387707144383,-15.256202887050996,0.84730162559163136,-0.1148529605449774,-0.49262233679532474,-0.16190116125014886,8.9071321756645414,17.08304086428419,5.0874355296487321,-20.00061037018952,11.092257454145939,14.279610583819085,7.8859828485976742,-43.545335245826593,35.276345103305154,41.346476638080993,163.21909237952818,17.596972563859982,-2000.061037018952,1530.6253242591631,-2000.061037018952,3.2349620044557024,-12.121951963866085,-44.569231238746298,1,0
rand119,-19.526497020503484,16.633861102921344,-21.263378700889071,0.82546947594422049,-0.3677400980044776,-0.26875340567945177,0.33337512135689923,-14.347039580327102,14.482157975006496,8.1829273004621417,-19.629446851409451,4.9152102068693537,15.420320856708571,47.85431082441665,17.856405891904199,-42.573907745478905,164.07576613434529,178.01914083512301,2.6348146039863973,820.71663300323337,-1840.8096486504292,0.94584547660923057,4.1451406218860649,10.529719053449348,130.29576497019053,2,1,-31991,27252,-32768,-23505,23727,13406,-32160,8053,25264,31361,11702,-27900,26881,29166,432,13446,-30159,15,32767,17251,21347,258276081,2,1,-19.526352732932523,16.633808404797509,-20.00061037018952,0.82536900069518349,-0.36808298198751788,-0.26845149814127245,0.33348871676312708,-14.346751304666281,14.482253486739708,8.1826227607043673,-19.629505294961394,4.9153111362041075,15.420392468031862,47.854548783837394,17.856379894405958,-42.573320719016081,164.0736106448561,178.02056947538682,2.6367992187261575,820.70375682851648,-1840.8154545731986,0.91555528427991573,4,10.52949613940855,130.2957243568224,2,1
rand120,-14.323328221846873,15.096914185112215,19.506273126010608,0.26270851573621762,-0.6067071572913092,-0.1688466406724935,-0.73101400327544064,-12.008390293702822,17.875583750791552,-11.287801778809904,10.897386530092252,-20.976759301753177,12.131358732372256,-24.865916587592004,-33.031083559519914,4.2277178070896779,-191.93009687114829,-5.5678339465739901,-137.21529925769454,675.65825718760937,349.25209201017213,631.995474817939,0.77666823081344827,11.70291448015154,183.91736406247912,0,0,-23467,24734,31958,-19674,29286,-18493,17854,-32768,19875,-16296,-21647,2771,-31445,-912,-22481,11070,5722,10354,6362,19173,30132,3559840378,0,0,-14.323557237464522,15.096896267586292,19.506210516678365,-0.26291641570536989,0.60609152673132638,0.16882001429502699,0.73145596063642682,-12.008423108615375,17.875301370281075,-11.287575914792322,10.897549363689077,-20.00061037018952,12.131107516708884,-24.866481521042513,-33.03170873134556,4.2283394878994107,-191.93090609454634,-5.5665761284218878,-137.21732230597857,675.67979979857785,349.25382244331189,631.97729422894986,0.77663502914517657,11.702627643665883,183.91674550614948,0,0
rand121,-4.2338203208740994,-13.074104882188031,-9.3710930411190887,-0.019840700853380144,-0.715036323109012,0.65341762754325194,0.24773939379949106,11.424981368326748,-16.775560331717728,-15.04613776174709,-5.6126879687751234,-8.8666052880818089,14.987392262044288,25.032278179102587,-21.227612361452188,53.602795712416516,55.545739072412665,-105.61124636381204,-54.872268607023621,1023.5407168663213,-383.58891226896588,-2082.8713476599596,0.70945750222395465,16.931231399400463,-42.04936004254742,1,1,-6936,-21420,-15353,18718,-27484,-24651,-9196,-14527,24555,16405,-13911,32767,9100,-17303,-8990,16769,-6285,-32768,5812,27739,-6889,1625334093,1,1,-4.2335276345103301,-13.074129459517197,-9.371013519699698,0.019372788525658838,0.7153183967293274,-0.65313972743649795,-0.247694939006638,11.424909207434309,-16.775414288766136,-15.046235541856136,-5.6129642628254039,-8.8668477431562245,14.987640003662221,25.032807397686696,-21.227149266029848,50,55.543687246314889,-105.61235389263588,-54.872280037842948,1023.5297708059938,-383.61766411328472,-2000.061037018952,0.70949430829798277,16.931058687093721,-42.04840235602893,1,1
rand122,-16.556172328575954,19.113149773595836,9.0212804208889317,0.6689116440216144,-0.34331859468593084,-0.092743481355099508,-0.65275431955776031,-16.999415895255083,-3.2697820939185673,11.456502468006251,19.65276172635761,13.542285617213409,16.334427737505234,-6.6914524524620145,-6.9680244365397757,-47.666564030573184,163.21321468074046,-203.76566867847336,158.3751407322076,-161.68336456262108,-1415.0574728995355,599.38290335094393,-3.520198271569436,9.4319868112745073,181.00395404828822,2,0,-27125,31314,14780,-27851,-5357,18770,32198,22187,26762,-4385,-4566,-31238,26740,-32768,25947,-2649,-23184,9820,-28837,15453,29655,277279784,2,0,-16.556291390728475,19.113132114627522,9.0212714011047694,0.66861327215841981,-0.34317511102595649,-0.092712630801367282,-0.65313972743649784,-16.999420148319956,-3.2697531052583391,11.456648457289345,19.652699362163151,13.542283394878995,16.334727011932738,-6.6911832026123843,-6.967375713370159,-47.666859950560017,163.21298867763298,-200.0061037018952,158.37275307473982,-161.68706320383313,-1415.0822473830378,599.38352610858487,-3.520249031037324,9.4320505386516924,181.00527970213935,2,0
rand123,-2.9413989570226802,11.779040385148811,8.6004698738338696,0.2180477503503469,-0.92862595993005859,-0.29168256635855871,-0.070924506298000331,-17.293771221269758,-20.703502873262636,11.877945200693265,-12.577663900377171,-7.5254941041334114,14.435150996294979,21.991159751442606,13.119822230060578,-43.466885861653786,175.55822820951553,-50.060442173138156,9.8509440269126678,-1073.1751802387516,515.24022793117808,-2173.1738447999692,-3.4399524725148258,-11.276581728337421,204.81418678315131,0,1,-4819,19298,14091,-28333,-32768,19460,-20607,-12329,23650,14412,8598,-28486,28763,-8202,1614,-17582,8441,-32768,-28179,-18475,32767,1445678643,0,1,-2.9413739432966093,11.778923917355876,8.6007263405255294,-0.21863575621814971,0.92842242880624359,0.29197559849385818,0.070572301057757192,-17.293618579668568,-20.00061037018952,11.877803888058107,-12.577898495437482,-7.5252540665913878,14.435254982146672,21.991637928403577,13.119907223731193,-43.467513046662802,175.56077761162146,-50.062562944425792,9.8513748588518943,-1073.1528672139652,515.21347697378462,-2000.061037018952,-3.4399243140964995,-11.276589251380962,200,0,1
rand124,12.556717321138581,-7.9060538253087227,-4.7011745005989551,0.010418897163979422,0.81632401610403038,0.066037085295275119,-0.57371216710069672,-6.7575190069902096,1.8459441269167947,11.9688454855798,-20.480341230422106,-5.8395760362044848,19.794110692814233,-28.75890819230392,-0.85647184684199407,25.953926146426959,-138.08308935748551,187.74543174247276,154.85857760813931,-208.81110069075436,-2030.0618784451808,-7.2943029712933871,-2.2942965422274422,-8.8903456601658633,79.134512149870119,1,0,20572,-12953,-7702,-11071,3024,19609,-32768,-9567,32430,-18847,-561,17009,-22623,30759,25371,-3421,-32768,-120,-18794,-14565,12965,1619574881,1,0,12.556535538804285,-7.9061250648518326,-4.7010711996826071,0.011070164871805049,0.81589560606161848,0.066420989230830299,-0.57426480272488689,-6.7574083681752981,1.8457594531083101,11.968749046296578,-20.00061037018952,-5.8394116031373029,19.794305246131778,-28.759117404705954,-0.85604419080172123,25.954466383861813,-138.08404797509689,187.74376659443953,154.85702078310496,-208.8076418347728,-2000.061037018952,-7.3244422742393258,-2.294259468367565,-8.8900418103579817,79.134495071260716,1,0
rand125,11.967436600535065,11.941841168785702,17.875306314608999,0.50716772000081511,-0.7857180790242263,0.18458628925377343,0.30225139520468225,-0.10847079528567827,19.517569716360288,12.069151705850764,-15.203706410383504,12.763342742192547,5.8822487380544572,-39.665294992145171,7.2160449309427346,30.016727528504799,85.591725378896811,-201.67404575502644,-193.29372701748747,-1008.9254081282347,220.8898354951281,318.34937535839811,2.0026612645187396,-11.31292986160042,67.009145009710409,2,1,19607,19565,29286,-178,31977,19773,-24909,20911,9637,-25994,4729,19671,14023,-32768,-31668,-16530,3619,5216,16405,-18535,10978,1226173734,2,1,11.967528305917538,11.941892757957701,17.875301370281075,-0.50784381349405661,0.7856356870806418,-0.18404149099375894,-0.30166199275668759,-0.10864589373455,19.517807550279244,12.068849757377849,-15.203711050752281,12.763451033051545,5.8821375164036986,-39.664906765953553,7.2161015655995362,30.016479995117038,85.592211676381723,-200.0061037018952,-193.29203161717581,-1008.9419232764672,220.89297158726768,318.3690908536027,2.0026245918149357,-11.313211462752159,67.006439405499435,2,1
rand126,4.0364289946528098,-15.399222372538462,2.8136214061560429,0.53676647434233371,-0.80445065809629213,0.20497977462452394,0.15074542349744027,-17.115084989960273,-10.262475472570506,-11.051667613068199,-10.049738158607079,-0.61357875881424206,8.7204324478491948,49.272999215696572,-15.529574513322443,43.213491416559727,136.17869328386723,87.791580076159903,-87.509179869666653,-62.382199492168546,-433.88834085593294,546.67778815755196,1.74594039930306,4.4940536344379982,-147.24391454674827,0,0,6613,-25229,4610,-28040,-16814,-18106,-16465,-1005,14287,32291,-10177,28320,22311,14383,-14337,-1022,-7109,8956,14302,7363,-24124,1204138387,0,0,4.0363780632953885,-15.399029511398663,2.8138065736869411,-0.5369029962825449,0.80438979467541094,-0.20479805012839339,-0.1508309963783438,-17.114780114139226,-10.262764366588335,-11.051362651448104,-10.049745170445876,-0.61342204046754356,8.7203588976714386,49.273659474471266,-15.52934354686117,43.214209418012025,136.17969298379467,87.789544358653529,-87.508774071474349,-62.379833368938264,-433.91216772972808,546.64754173406175,1.7459028901028473,4.4941557054353467,-147.24570451979125,0,0
rand127,-15.203824210343965,16.530790351377604,-4.7196705319836667,-0.8357173762319734,-0.35503802126708844,0.078133301720867257,-0.41160619247150854,6.713114244572699,5.9168706740579378,18.899400985044434,-8.901435232393192,11.247152560387059,17.112173146221469,-49.258830242807363,32.982694022335316,27.894108574953261,-57.768373791854209,204.2691236336274,-101.20001259992797,-1310.3225512920123,698.34630005537588,-557.85388093522431,-2.3690096243847201,-14.374409975408607,-193.73520424409372,1,1,-24909,27083,-7732,10998,9694,30964,-14584,18427,28036,-32281,21615,18280,-9464,32767,-16580,-21468,11441,-9140,-19406,-23550,-31741,806822697,1,1,-15.203711050752281,16.530655842768638,-4.7193823053682058,0.83583410319256046,0.35562904650673721,-0.077491154102635337,0.41097987086576243,6.7128513443403426,5.9169286172063353,18.899502548295541,-8.9016388439588603,11.247291482284005,17.112338633381146,-49.258400219733268,32.982879116183966,27.893917661061433,-57.765434736167485,200,-101.19937742240668,-1310.3427228614155,698.3245338297678,-557.87835322122862,-2.3689687795648062,-14.374217963194678,-193.73760185552538,1,1
rand128,-19.844884505894697,-13.617903216897226,18.825613979971948,0.030203063128632995,-0.77102621292505125,-0.63446161692217662,-0.04544018719810354,-12.16208542144755,-15.260591471696124,12.356976849030652,7.2109290668882231,6.9248137746012972,-3.1935052028115245,-12.907071082614861,3.2598598369125886,-20.725364624021974,89.789397276978534,-161.89376569064495,-191.38426148941454,-963.07251388504881,220.0290911140645,787.86692315270193,-2.530306695810419,-11.895538500096258,-69.819674699617266,2,0,-32513,-22311,30843,-19926,-25002,20245,11814,11345,-5232,-8459,2136,-13582,14711,-26524,-31355,-15778,3605,12908,-20728,-19489,-11439,1588538913,2,0,-19.844965971861935,-13.617969298379467,18.825647755363629,-0.030442953397463886,0.77043595620201011,0.63515070951981478,0.045664430096195835,-12.162236396374402,-15.260475478377636,12.356944486831264,7.2109134189886168,6.9246498001037633,-3.193456831568346,-12.907803582873013,3.2593768120365003,-20.725119785149694,89.791558580278945,-161.89458906826991,-191.38157292397838,-963.04208502456743,220.03845332193976,787.86584063234352,-2.5303506576738792,-11.895504623554185,-69.820245979186382,2,0
rand129,2.2728037660873381,-5.3838345321812504,21.361773057223285,-0.30935199493085602,0.81322485285763957,-0.48060376576027131,-0.10948379909382291,10.550785263666896,20.215087442873806,0.14018618434299235,20.572710460572956,8.4592579236586687,-7.9280589567284689,13.747576816315874,-20.949087473649989,12.065804004936275,-148.91634584944751,64.352982907178486,-22.15463343831231,1451.7331924422122,-1762.865093843355,-361.35001097251609,1.8983860750830406,-18.831803084610581,77.225912058413925,0,1,3724,-8821,32767,17286,32767,230,32767,13859,-12989,9009,-13729,7907,-24398,10543,-3630,23784,-28882,-5920,15551,-30853,12652,1375901105,0,1,2.2730185857722707,-5.3840754417554244,20,-0.30996461641054135,0.81327107687303779,-0.48016840131454397,-0.10931787810907485,10.55085909604175,20,0.14038514358958709,20,8.4591204565569011,-7.9280983916745509,13.747062593462935,-20.949430829798274,12.06549272133549,-148.9181188390759,64.351329081087684,-22.156437879573961,1451.7044587542343,-1762.8711813715017,-361.33915219580678,1.8983733634449294,-18.831751457258829,77.224036378063289,0,1
rand130,-9.7949919154195868,1.4464408692865671,5.7516047477153869,0.73949351640757766,0.19152538830085783,0.64410106668620615,0.040014756291308885,11.719448827248602,-19.695487666576824,-17.220328684966404,-2.7631607700525458,-7.6168184843457123,-9.5876254854742573,-39.550310313881994,-15.241319570105377,-45.136850801921561,-24.168452450034735,6.9045041468727186,152.73381396436631,1679.31888070277,-391.29718240758348,-82.257278805308815,-0.72028302749780626,-2.3985488743632764,-199.2592303634249,1,0,-16048,2370,9423,19201,-32268,-28213,-4527,-12479,-15708,-25919,-9988,-29580,-3960,1131,25023,27513,-6411,-1348,-5900,-3930,-32646,682575389,1,0,-9.7952208014160593,1.4465773491622669,5.7515182958464308,0.74019699437967235,0.1909603440386371,0.64345333317366848,0.040129347660293302,11.719718008972443,-19.69542527542955,-17.220374156926177,-2.7631458479567859,-7.6168095950193795,-9.5876949369792772,-39.55046235541856,-15.240943632312998,-45.136875514999851,-24.170659504989775,6.903286843470565,152.73293252357556,1679.3115024262215,-391.30832850123602,-82.277901547288437,-0.7202368236335337,-2.3987548448133795,-199.26145207068086,1,0
rand131,10.349249750681391,-20.962210202329072,11.559726242695753,0.69571610309511644,-0.11096787007002278,0.52994731339960732,-0.47203927879659158,-21.779438217596908,8.9059818247411506,-7.3489310747288616,14.849797110383394,-17.534031693434297,-1.7524000645379201,38.111886869648373,41.239220083823895,1.7517928038282049,35.426547729959097,205.28147009692924,-205.46490552522243,-1019.0594723103197,1470.7914146503904,-1800.5028091374086,-1.5986150335831255,-10.754895509175967,44.543379083256596,2,1,16956,-32768,18939,-32768,14591,-12040,24329,-28727,-2871,24976,27026,1148,5804,32767,-32768,-16696,24097,-29499,-13095,-17620,7298,453901483,2,1,10.349436933500169,-20.00061037018952,11.559801019318217,0.695848144899743,-0.11070164871805049,0.52998414323766674,-0.47186577766069021,-20.00061037018952,8.9059114352854998,-7.3488570818201238,14.849696340830715,-17.534104434339426,-1.7523728141117587,38.111514633625291,41.239661854915006,1.7517624439222388,35.425885799737543,200,-200.0061037018952,-1019.0740684224983,1470.8090456862087,-1800.5310220648823,-1.598559526352733,-10.75472273934141,44.544816431165501,2,1
rand132,-11.461387078147073,8.6400554830404541,4.4537494177417303,-0.010622505276015838,0.70037560266583598,0.55373330313059588,-0.45026726127513139,8.6867923873279072,-19.715959190989153,2.2083368691169545,3.5130661859651773,14.19450829980037,-12.165850504884427,-23.067839118248315,-54.47566070624498,-42.180834058273717,40.492794170067825,196.00172607945879,78.867738591472531,-1348.8031339711117,1718.9425325487703,893.78944497378325,-2.0362345615266477,-14.923411156224162,123.05562753687217,0,0,-18778,14155,7297,14232,-32302,3618,5756,23256,-19932,-15117,-32768,-27643,6634,32112,12921,-22098,28162,14643,-16680,-24450,20161,1603158203,0,0,-11.461531418805505,8.6397900326548047,4.4538712729270307,-0.011070164871805049,0.70089449792613334,0.55350824359025241,-0.44972544791708008,8.6867885372478408,-19.716177861873227,2.2083193456831567,3.5132908108767968,14.194769127475814,-12.165898617511521,-23.067415387432479,-50.0015259254738,-42.181157872249521,40.491958372753075,196.00207525864437,78.865932187871948,-1348.796044801172,1718.9245277260659,893.76506851405372,-2.0361949522385325,-14.923551133762627,123.05673390911588,0,0
rand133,-7.5251527285527331,-18.569645016833139,-5.2246609287351156,-0.32441771467493541,-0.78823657007934056,-0.50940395378426606,-0.11808415585338515,15.191888648186675,-9.1474270080275577,-13.340618382061242,-7.3404715448974915,-0.33949314231628636,18.243988477836751,50.788886124046307,35.17111334590124,51.251186850128441,111.05968830755862,186.8856363131404,-210.19892597481493,1410.0933345066421,353.91882927187572,-297.99939038023007,1.2959457114541233,-18.234986997403489,45.225031621021017,1,1,-12329,-30424,-8560,24890,-14987,-21857,-12026,-556,29890,32767,23049,32767,18195,30618,-32768,23102,5798,-4882,10616,-29875,7409,1856881237,1,1,-7.5252540665913878,-18.569902645954773,-5.2247688222907192,0.32380232250029767,0.7886727718750276,0.50922758410303226,0.11762050176292864,15.192114017151402,-9.1476180303353978,-13.340861232337412,-7.3403118991668448,-0.33936582537308879,18.243964964751122,50,35.171056245612967,50,111.05685598315378,186.88314462721641,-200.0061037018952,1410.0772118289742,353.89263588366344,-297.98272652363659,1.2959379863887448,-18.234809411908323,45.22232734153264,1,1
rand134,-10.224773035981105,4.6652572181908063,-5.6179922973937018,-0.75735128502445659,-0.58708805665944586,-0.26056753436490099,0.1176911416999412,-9.2189155323178955,-13.598594337239197,2.3696841451632951,-12.591523132876247,2.8364038146777037,1.6486157932102472,-36.221007155597185,-39.336830726597292,49.3009600643542,126.77758445242091,-69.4109010741454,3.1876529687094424,299.38758875579066,514.01995813037854,-1968.6519914659746,-3.7683933179129401,12.135984198856288,-98.036605205152767,2,0,-16752,7643,-9204,-15104,-22279,3882,-20629,4647,2701,-23737,-25779,32309,20771,-11372,522,4905,8421,-32253,-30870,19883,-16062,982184363,2,0,-10.2249214148381,4.6650593585009306,-5.6178472243415634,0.75779225577087783,0.58671873820566756,0.26014887448741864,-0.11762050176292864,-9.2190313425092327,-13.59843745231483,2.3694570757164222,-12.591326639606921,2.8363902706991793,1.6486098818933683,-36.220892971587269,-39.336832789086579,49.301126132999663,126.77999206518754,-69.411297952208017,3.1861323892941069,299.38657795953247,513.99273659474466,-1968.6269722586749,-3.7684255500961332,12.135990478225043,-98.037659840693379,2,0
rand135,13.772189621186465,-1.9453541246532482,6.8471864179227886,0.29444129864161844,0.19551847700601793,-0.90214561624072431,-0.24740681862294772,-5.9812828607488413,-0.27435082428212842,9.8244970369301683,-0.94861750904764763,-21.193903259100587,13.465784578367213,-0.18146381208939411,-54.945117256908979,43.246507811321692,-16.90664875851299,35.530714212462705,-32.415564216258794,-1099.0125375460862,516.68936693485,2067.9114715472888,-3.0368461429630891,-20.367813423234523,152.19265710608062,0,1,22564,-3187,11218,-9799,-449,16096,-1554,-32768,22062,-119,-32768,28341,-2770,5821,-5311,-18006,8465,32767,-24877,-32768,24934,2461388467,0,1,13.772392956328012,-1.945249794000061,6.84713278603473,-0.29474313971180943,-0.19511165586556398,0.90205606285237083,0.24769493900663797,-5.9810174871059294,-0.27405621509445477,9.8245185705130158,-0.94851527451399276,-20.00061037018952,13.465987121189,-0.1815851313821833,-50.0015259254738,43.246253852961821,-16.907254249702444,35.52964873195593,-32.41676076540422,-1099.0325632496108,516.67836542863245,2000,-3.0368358409375285,-20.00061037018952,152.18970305490279,0,1
rand136,-16.793187831838924,4.1832890179599262,5.9541969836038744,0.10257073804689125,0.22131192655483128,-0.26942315286690222,0.93161764665573121,-7.008404320759178,21.24208045036006,17.55639959500115,-1.1251186608315855,2.7169080201730047,-7.8666793038965857,28.706729849759991,24.734260368263765,24.215865765508756,191.30396618896648,-171.59507230768105,29.366395472814382,-1892.8405439465159,2031.5314013387001,230.34300308687779,2.0613266771097818,12.147923477635121,-129.66280483905999,1,0,-27513,6854,9755,-11482,32767,28764,-1843,4451,-12888,18813,16209,15870,31342,-28113,4811,-31011,32767,3774,16886,19903,-21243,3836379453,1,0,-16.793115024262214,4.1834772789696952,5.9541611987670526,0.10239902506419669,0.22140329743610099,-0.26983526875024805,0.93149554335423679,-7.008270516067995,20,17.556688131351663,-1.1249122592852565,2.7167577135532701,-7.8664510025330365,28.70723593859676,24.733726004821925,24.216437269203773,191.30222479934079,-171.59337137974182,29.364909817804499,-1892.818994720298,2000,230.3537095248268,2.0613422040467544,12.148197882015442,-129.66093935972168,1,0
rand137,3.6471900401641943,9.2015287126625402,-13.58963892376133,-0.22233546611123939,-0.61611634589736375,-0.75532202775822865,0.021359382256411104,11.99258069686706,-2.0179371185449302,-13.73069506249945,-13.327012627895307,16.052590036883473,14.650338229014036,-50.369429472575611,8.606169811510739,10.69422945881549,-124.47422346580876,-66.115402642710862,195.11705632421612,-404.50635606636212,-1265.878382847882,214.34514684930642,-1.7081522273425505,-8.8134178749806882,-131.26947665041962,2,1,5975,15075,-22265,19648,-3306,-22496,-21834,26300,24002,-32768,5640,7008,-20393,-10832,31967,-6627,-20740,3512,-13993,-14439,-21507,2854155761,2,1,3.6469618823816643,9.2013306070131531,-13.589892269661549,0.22278706804507661,0.61577792099415585,0.75548172683453041,-0.020756559134634468,11.992553483687857,-2.0178838465529343,-13.730887783440657,-13.326822717978454,16.052735984374522,14.650105288857691,-50.0015259254738,8.6062196722312088,10.693685720389416,-124.47279274880215,-66.115298928800314,195.11703848384045,-404.49232459486677,-1265.9077730643635,214.36201055940427,-1.7081820123905149,-8.8131351664784692,-131.27231666005432,2,1
rand138,-20.634324402312615,-2.8712997465803829,-14.653293940276846,0.70533972480495155,-0.21273239891551554,0.37601513924706509,0.56200837548984561,18.201219534397158,-15.199903769444266,-14.648408284877952,-18.657954136581495,0.83373069664552446,-17.208911275577577,34.173188128422375,28.528129753706196,25.702998960540121,85.42823281504765,17.447335631525082,-90.308599707733293,677.24613011823351,-1358.0448971502701,137.16272411792087,-3.08835759783859,-6.6516567683986558,-128.62044108345867,0,0,-32768,-4704,-24007,29820,-24903,-23999,-30568,1366,-28194,22395,18696,16844,13996,2858,-14796,11096,-22250,2247,-25299,-10898,-21073,376193942,0,0,-20.00061037018952,-2.871181371501816,-14.653157139805291,0.705188292689233,-0.21310067378224717,0.37638560564137163,0.56181086724410623,18.201239051484727,-15.200048829615161,-14.648274178289132,-18.657795953245643,0.83376567888424324,-17.208777123325298,34.173100985747858,28.528702658162175,25.702688680684837,85.427411725211343,17.444380016479997,-90.310373241370897,677.26676229132966,-1358.0736716818751,137.15018158513138,-3.088351084933012,-6.6518143253883482,-128.62331003753778,0,0
rand139,-2.5261383070570846,5.9739920982156161,4.3820273951841946,0.14325908663549994,-0.68396315117752859,0.34246402516298952,0.62800448517254293,-8.9878412000661552,15.388085556224585,-15.510914124154372,20.933238862362995,15.310011541061668,7.0223258019319141,-30.846245630861723,-3.7281369853688129,-8.5781284724616711,78.217579640322455,122.9001402712852,191.69864904261294,-21.38941203289324,-657.79208472073321,-1536.0134552077946,-2.1259179789930176,9.684746489529358,190.61252176159363,1,1,-4139,9787,7179,-14725,25211,-25412,32767,25083,11505,-20215,-2443,-5622,12815,20135,31407,-350,-10777,-25165,-17415,15867,31229,1501832250,1,1,-2.5263222144230477,5.9736930448316903,4.3818475905636767,-0.14391214333346564,0.68395373317731534,-0.34179134041698089,-0.62823185647493651,-8.9877010406811735,15.388042847987304,-15.510727256080813,20,15.309915463728752,7.0223090304269542,-30.846583452864163,-3.7278359324930572,-8.5787530137028103,78.218939786980798,122.8980376598407,191.69896542252877,-21.362956633198035,-657.79595324564343,-1535.9965819269387,-2.1259193700979644,9.6847437971129491,190.61250648518327,1,1
rand140,0.4370275635670553,-3.4065562413372823,16.24359898498097,0.32754983291984041,0.14106110303754169,-0.0063617630975669956,-0.93422288568323297,18.789545928769453,5.5257203334408072,12.856657152000961,2.7464353410971709,-11.65598087226838,5.1300819683250838,48.954748589144707,16.92190944565148,49.2606923381908,-88.123312176917537,-200.66893826405763,-9.2837550167259018,1369.4555709305785,-698.82969961812921,278.86084294218182,-3.9739985632541837,-15.210200412269561,187.49682246831622,2,0,716,-5581,26613,30784,9053,21064,4500,-19097,8405,32082,11090,32283,-14438,-32768,-1521,22436,-11449,4569,-32554,-24920,30719,3510004229,2,0,0.43702505569627981,-3.4064760277108066,16.243781853694266,-0.32795363432722457,-0.14114460211551438,0.0069188530448781559,0.934064636145573,18.78963591418195,5.5256813257240518,12.856837672048098,2.7466658528397474,-11.656239509262367,5.1301614429151279,48.954741050447097,16.922513504440442,49.261452070680868,-88.125247962889489,-200.0061037018952,-9.2837305825983467,1369.426557206946,-698.81282998138374,278.87813959166232,-3.9739982299264502,-15.210425122837,187.49961851863154,2,0
rand141,-0.59346884767013508,11.500170934165238,0.98309587468298609,-0.48138271316244441,-0.37134466213454037,0.75920649393727391,-0.23233451085884763,-0.45554805349319771,-15.623054692895526,18.760368343351441,16.197829800815082,15.621449445946666,-19.892861692733682,-50.491915250333449,39.302308669612209,-46.728302446023093,172.31161075119769,-103.58358963575002,10.423299448275266,-1639.0943952437963,919.18718173115792,108.50259659833044,-0.81370762346110503,12.431782226838795,-66.70466737112838,0,1,-972,18841,1611,-746,-25596,30736,26538,25593,-32591,-32768,25756,-30623,28231,-16971,1708,-26854,15060,1778,-6666,20368,-10929,2319700312,0,1,-0.59327982421338543,11.499984740745262,0.98330637531662957,-0.48155217192351962,-0.37085052320546913,0.75929802085646547,-0.23247346230790603,-0.4553361613818781,-15.623035370952483,18.760338145084994,16.198004089480271,15.621204260383923,-19.892574846644489,-50.0015259254738,39.301736503189183,-46.728415784173102,172.31360820337534,-103.58592486342967,10.425122837000641,-1639.0881069368572,919.21750541703545,108.52381969664602,-0.8137455366679891,12.432020020142216,-66.707358012634657,0,1
rand142,-15.077768203822794,-2.4924708899722838,-10.502253635981582,0.96296245421747351,0.14187755587009887,-0.22384930804275965,-0.049654387485548214,5.8609900948882725,6.6964438452997976,14.811138788897591,-18.788431885535687,-8.2053320928011964,-1.1639409286819196,14.013559314783045,-49.124260426099276,23.114919219283966,202.29171848370325,-190.52654410678139,99.898780705413841,1278.1028447142753,-941.36805922940198,553.53669342964156,2.6116021752215963,15.466137100581879,-80.016253951888231,1,0,-24703,-4084,-17206,9602,10971,24266,-30782,-13443,-1907,9184,-32193,15148,32767,-31215,16367,20940,-15423,9069,21394,25339,-13109,645233116,1,0,-15.077974791711172,-2.4927518539994509,-10.502029480880154,0.96278319985461769,0.14252837272449004,-0.22417083865405227,-0.049815741923122728,5.8607745597705012,6.6963713492233037,14.811243018890957,-18.78841517380291,-8.2052064577166046,-1.1639759514145329,14.01409955137791,-49.124118778038877,23.114719077120274,200,-190.52705465865048,99.899288918729212,1278.1151768547625,-941.37394329660935,553.54472487563703,2.6116519669179357,15.466170232245856,-80.013428144169438,1,0
rand143,7.9445225440367047,11.363883757782599,-19.537840777008807,0.57201056883003487,0.76682237819659904,0.24811069409745201,-0.15240876916415502,-20.40249251569659,0.094983584107111163,15.375502104483125,18.940142432687527,9.4434699623588152,-20.997689184662434,-41.378050031125959,-21.173227653030903,0.34755117960449944,133.30423518794709,18.564434134788911,-201.03268348539257,818.61325696788435,1970.588291747797,-1072.9888319767927,0.69514137461413783,11.922940335903746,162.94908677519638,2,1,13016,18618,-32010,-32768,156,25190,31031,15472,-32768,-27117,-13876,228,21840,3042,-32768,13412,32285,-17579,5694,19534,26697,2044382610,2,1,7.9445783867915889,11.363872188482315,-19.537949766533401,0.57149726150693569,0.76737784825440924,0.24769493900663797,-0.15221476698731942,-20.00061037018952,0.09521774956511124,15.375225074007385,18.940397350993379,9.443647572252571,-20.00061037018952,-41.378521073030797,-21.173741874446851,0.34791100802636798,133.30484939115573,18.567461165196693,-200.0061037018952,818.62849818414873,1970.5801568651386,-1072.9697561571093,0.69508957182531206,11.922971282082583,162.95052949613941,2,1
rand144,1.4137074207852192,-15.608357623238859,16.485769931727994,-0.48485900130241949,0.77206669205497569,0.40957153166412158,0.032801407372449014,-16.914848818959047,-4.1479575950414338,2.8179486754625653,12.034650299714562,-2.6762006369974118,0.024594349402302207,-37.103458587822097,-39.700584556207204,33.020567520994966,39.095133049915319,207.69687654764553,162.31579897632992,-709.00333032921344,1873.3105935834933,-218.56520831602603,-0.10403255892347288,-13.730709837263536,-71.801137512517471,0,0,2316,-25572,27009,-27712,-6796,4617,19717,-4385,40,-24315,-26017,21640,6405,32767,26593,-11616,30691,-3581,-852,-22496,-11764,1244439064,0,0,1.41361735892819,-15.608386486404005,16.485488448744164,-0.48431971314147088,0.77237459381079798,0.40959610025678678,0.03321049461541515,-16.914578691976683,-4.1480758079775386,2.8180791650135806,12.034669026764734,-2.6764732810449536,0.024414807580797754,-37.102877895443584,-39.700003051850949,33.021027253028961,39.094210638752401,200,162.31574449903866,-709.00601214636674,1873.2871486556596,-218.5735648670919,-0.10400708029419843,-13.730887783440657,-71.8039490951262,0,0
rand145,-16.369314226420475,13.131839193853704,-20.46333694740672,0.91924352370049767,0.12524304440387263,-0.039430108055720135,-0.37114793619506553,-7.8042167691299529,-9.5832162934597189,-9.6267933333985152,10.118378901263197,-12.504634428012098,-8.1104429314721909,36.408060425658491,-23.1136725664112,5.5342175228618595,156.19541314618735,-67.920715787746232,-64.676825497433015,-128.2211057053245,-1194.1516639113015,263.48592137469899,-0.25945113047891122,-1.9607586386918383,-136.41346432116995,1,1,-26819,21515,-32768,-12786,-15701,-15772,16577,-20487,-13288,23860,-15147,3627,25590,-11128,-10596,-2101,-19564,4317,-2125,-3212,-22349,632787188,1,1,-16.369518112735374,13.132114627521592,-20.00061037018952,0.91929975317219548,0.12592312541678244,-0.038745577051317669,-0.37085052320546913,-7.8041932432020023,-9.5834223456526377,-9.6267586291085543,10.118106631672109,-12.504654072695089,-8.1105990783410142,36.408581804864653,-23.113193151646474,5.5345316934720907,156.19373149815362,-67.921994689779353,-64.674825281533245,-128.2387768181402,-1194.1282387768181,263.49681081575977,-0.25940733054597614,-1.9605090487380596,-136.41163365581224,1,1
rand146,-3.4527766865736647,-8.7259028363898672,7.5165489289688061,-0.49773035707284813,0.59304871623455857,0.054224240314639925,-0.63056914258705787,-20.263501480044578,14.571310508401123,-20.162908672040775,-10.466449965857841,-12.44669628264934,0.8661513812957744,36.583576003220578,-24.337575671270873,31.89200714259426,11.581307280556775,170.86478153038573,216.1457599379379,-951.62199706737783,424.08358410855811,2057.7179644418143,-0.58436109138025616,-6.4877169239542178,-92.85292578354273,2,0,-5657,-14296,12315,-32768,23873,-32768,-17148,-20392,1419,23975,-15949,20900,1897,27994,32767,-15591,6948,32767,-4787,-10629,-15213,4135669209,2,0,-3.4528641621143223,-8.7258522293771179,7.5167088839381089,0.49815741923122719,-0.59363759125054572,-0.053967053750049614,0.62969925601724563,-20.00061037018952,14.571367534409619,-20.00061037018952,-10.466628009887996,-12.446668904690695,0.86611529892880035,36.584063234351632,-24.336985381633962,31.891842402417065,11.578722495193334,170.86703085421308,200,-951.62816248054446,424.08520767845698,2000,-0.58436841944639428,-6.4876247444074835,-92.855616931669061,2,0
rand147,2.0356403013991087,20.655701606406975,-8.7393297760015045,-0.38816755879292281,0.59812010026327689,0.65702729183913333,0.2447313419656848,-12.846005246378821,7.6662442810442029,-13.131980164906839,10.075505734685477,15.462716265779813,6.0353525202954295,-16.630667162162602,-50.634281357357125,-6.2485994961662703,205.12474918647604,-43.643120629727804,-90.058492171059726,1064.3114118951621,137.54400540020887,-192.09828019955464,-1.8409768821184078,-4.327198048321188,205.63856663425167,0,1,3335,32767,-14318,-21046,12560,-21515,16507,25333,9888,-10899,-32768,-4095,32767,-7150,-14755,17437,2253,-3147,-15081,-7089,32767,2390672049,0,1,2.0355845820490126,20,-8.7392803735465563,-0.38883954112215235,0.59778890307747268,0.65685828641329358,0.24492739778868669,-12.845851008636739,7.6662495803704944,-13.132114627521592,10.075380718405713,15.462508011108737,6.0353404339732046,-16.63106173894467,-50.0015259254738,-6.2486648152104252,200,-43.641468550675988,-90.060121463667713,1064.3024994659261,137.51640369884336,-192.08349864192633,-1.8409985656300547,-4.3269142735068815,200,0,1
rand148,6.0234947514703538,6.2351980438432095,-14.459243155800589,0.49797168028809036,-0.67987232365654093,0.24567093232959133,0.47900273711662744,-3.3630615350501074,5.5005600444459928,0.60227206683319423,4.6160886834737473,-3.0598171871064985,13.086508981064972,20.359670858537996,-21.033043282599312,-23.267645760977413,14.007420936343916,-40.319595266360629,70.54100350492098,-3.1725420605985377,-1572.0796696546804,2197.0178130829636,1.3786632356831972,-20.815041838059816,163.39310679977172,1,0,9869,10215,-23689,-5510,9012,987,7563,-5013,21440,13343,-13784,-15248,2295,-6606,11557,-52,-25756,32767,11294,-32768,26770,1233467558,1,0,6.023743400372326,6.2349314859462268,-14.459059419537949,-0.49815741923122719,0.6796582018835603,-0.24631116839766234,-0.47878463070556837,-3.3631397442548905,5.5006561479537339,0.60243537705618455,4.6162297433393356,-3.0597857600634786,13.086336863307595,20.360423596911527,-21.033356730857264,-23.267311624500259,14.007995849482711,-40.321054719687488,70.540482802819909,-3.1739249855037079,-1572.0694601275675,2000,1.3787041840876491,-20.00061037018952,163.39609973448896,1,0
rand149,-9.4482445628873322,-8.3483767310050556,-16.146822152174334,0.03687030098888993,-0.76525254599928738,-0.21018719972744654,0.6073306042159673,19.234044844740858,-3.1753237296968533,-16.835833078130204,16.94997334047676,-20.269733537242271,5.6440354803709702,33.497219689583417,11.671971696031131,-15.045551491659564,-90.593508121467821,167.80849607530462,82.174855810803507,1761.5584819154374,1489.124341458014,1836.513933226445,0.076727170501338204,6.4603945721117153,128.35610565119737,2,1,-15480,-13678,-26454,31512,-5202,-27583,27770,-32768,9247,21952,7649,-9860,-14842,27493,13463,28860,24397,30089,629,10584,21029,1582981193,2,1,-9.4485305337687304,-8.3486434522537927,-16.146732993560594,-0.037361806442342042,0.76507374277671225,0.21033313256429592,-0.60747529734030203,19.233985412152471,-3.1751457258827478,-16.835840937528612,16.949980162968842,-20.00061037018952,5.6440931424909211,33.497116000854518,11.671803949095127,-15.045625171666616,-90.591143528550063,167.80907620471817,82.174138615070035,1761.5283669545579,1489.120151371807,1836.5428632465591,0.076784569841608932,6.4601580858790859,128.35474715414898,2,1
rand150,-4.0307863752670592,17.128133660102709,18.268918424933204,0.19930686288447255,0.21205302112446761,0.51483081907104278,0.80638670523129008,-6.7661501551084609,-1.2830394609992797,4.8781762605090249,-15.200442486083219,2.5999416031215756,17.85579142526672,-35.460875703651496,19.286659906997688,-15.919163694214481,-113.2722252953107,-59.758903821521955,215.87584148162821,1051.780656917894,-116.70270142344354,273.38737987195748,4.1490223428853321,-9.6595017538985797,202.98072120917547,0,0,-6604,28062,29931,-11085,-2102,7992,-24904,4260,29254,-23239,12639,-10432,-18558,-9791,32767,17232,-1912,4479,32767,-15826,32767,3909773172,0,0,-4.0308847315897092,17.128208258308664,18.268990142521439,0.19926296769249088,0.21171690317327155,0.51476266653893477,0.80652936695127619,-6.765953550828578,-1.2829981383709219,4.8780785546433911,-15.200659199804681,2.6001770073549606,17.855769524216438,-35.460982085634939,19.286172063356425,-15.918454542680136,-113.27249977111119,-59.761345255897702,200,1051.7899105807671,-116.70278023621326,273.38480788598287,4,-9.6597186193426321,200,0,0
rand151,4.5956117011662414,2.8988142845639864,17.772382257187363,0.18606900210429392,0.89770744396833535,-0.25152588680249605,-0.31021669808050045,19.548692165577215,-5.5384035641436391,11.093857580587343,5.915858382644549,-6.9367405199267314,6.3783119611382091,-46.187075225053142,-43.493908131466767,-32.83069050500648,177.11487665587973,142.77188331115312,-178.26700608133814,-85.65514847645845,-1682.228626323943,-1965.7652036166978,1.2035791519265482,-11.184795260448347,-124.34371717383246,1,1,7529,4749,29117,32028,-9074,18176,9692,-11365,10450,-30268,-28503,-21515,29018,23391,-29206,-1403,-27561,-32206,9859,-18325,-20372,1751460128,1,1,4.5954771568956572,2.8986480300302135,17.772148808252204,0.18542526160273456,0.8978378889722245,-0.25184625083356488,-0.30996461641054135,19.54893642994476,-5.5384990997039703,11.0940885647145,5.9157078768272955,-6.9368572038941618,6.3783684804834131,-46.186712240974153,-43.493453779717399,-32.830286568803977,177.1172215948973,142.77169103061007,-178.26471755119479,-85.634937589648118,-1682.2412793359172,-1965.7582323679312,1.2035279396954253,-11.185033722952971,-124.34461500900296,1,1
rand152,-21.845980685862145,5.0210418440450137,-2.7108793510341735,0.59824533527490698,-0.56012983271790806,0.48471645300088773,0.3056256689341727,19.304274936979454,-5.6323893241474057,-0.030864608867348764,11.673993736366295,-20.327267144176574,4.1796038124094217,16.520274773906557,28.000078746989015,32.483202792227303,4.7105444190727308,-42.642439722319111,-153.26122118939685,656.03178075414758,1913.7793313892453,1618.3501048612616,0.21058581644114061,0.13330120530243939,50.793698194904742,2,0,-32768,8226,-4441,31627,-9228,-51,19126,-32768,6848,10826,18350,21288,772,-6986,-25110,10748,31354,26514,1725,218,8322,113081053,2,0,-20.00061037018952,5.0209051789910584,-2.7106540116580704,0.59819236668427223,-0.56042709663513057,0.48431971314147088,0.3058133045836145,19.304177983947262,-5.6324961088900416,-0.031128879665517136,11.673940244758446,-20.00061037018952,4.1798150578325757,16.51966917935728,28.000732444227424,32.483901486251412,4.7120578630939667,-42.64046143986328,-153.26395458845789,656.02587969603564,1913.7546922208319,1618.335520493179,0.21057771538438064,0.13306070131534775,50.795007171849726,2,0
rand153,-10.448906592368559,9.2139510233492601,-4.7402563103938711,0.54381978240018902,0.50412891043257402,-0.3886200874620791,-0.54688985505057841,-9.604974090535972,-4.9757001614073531,-8.2170917092452456,-11.66680920253005,-11.931026274971096,13.815140670115385,-3.5116156321896885,19.283236822266289,-19.625961437430924,44.925132088941986,-63.454877711860618,94.158236939107823,-1598.7571085045226,-2037.9211274993877,-1882.1291902370351,-3.0610024452012303,-0.70113734675097117,-168.75609044764727,0,1,-17119,15096,-7766,-15736,-8152,-13462,-19114,-19547,22634,-2301,12637,-12862,7360,-10396,15426,-26193,-32768,-30836,-25075,-1149,-27648,3346158361,0,1,-10.448927274391918,9.2141483809930715,-4.7401348918118842,-0.54382184932742306,-0.50369250166712976,0.38883954112215235,0.54713386955874344,-9.6047853022858369,-4.975737784966582,-8.2168034913174832,-11.666615802484207,-11.930906094546343,13.815118869594409,-3.5111545152134771,19.283120212408825,-19.626453444013794,44.923245948667869,-63.454084902493364,94.155705435346533,-1598.742637409589,-2000.061037018952,-1882.1375164036988,-3.0610065004425184,-0.70131534775841553,-168.75514999847408,0,1
rand154,-10.540807433868466,16.725412206838385,-15.74128984875929,0.78630902458716068,0.27286166870117129,-0.19119998491577597,0.52029529439983113,6.6041354807325519,-14.411863857584864,8.7578434700024346,1.3339827105351096,4.5143130377142473,12.015960946721552,-16.547405273414441,-13.956817543629015,-49.322648046029954,-205.88458040888722,-172.06333243519811,-205.25777831007329,-690.09144112004162,1231.670306941536,-1973.0744927910787,-3.7292285195581001,-12.125599373952493,-81.826508885192695,1,0,-17270,27402,-25790,10820,-23612,14348,2186,7396,19686,-10844,-9146,-32323,-32768,-28190,-32768,-11306,20179,-32326,-30549,-19866,-13406,743824248,1,0,-10.541093173009431,16.725363933225502,-15.741447187719352,0.78645540713622442,0.2726028099681993,-0.1909603440386371,0.52029774897483727,6.6042054506057921,-14.412060914944915,8.7575914792321541,1.3342692342905973,4.5142979216895043,12.015747550889614,-16.547135837885676,-13.956114383373516,-49.32248908963286,-200.0061037018952,-172.06335642567217,-200.0061037018952,-690.08453627124857,1231.6660054322947,-1973.0826746421706,-3.7292397839289531,-12.125614185003204,-81.826227607043677,1,0
rand155,-15.726101856574829,-9.6780281550632896,-12.116878852898001,-0.64918539873369763,-0.19746513758260217,0.73312746217126823,0.045716099142095089,-1.8795974390070831,6.8366211427177905,20.833578756608109,13.218570456969761,4.4861722169687139,-19.63373896872918,-4.6477879473578119,-39.831062105418731,-43.310477695280831,-73.03755990302767,68.735554091431766,24.479026417524064,-262.53767543718021,864.03504361436978,-59.678832226576041,-0.46389680972798042,-12.225416423063507,-189.66601839368073,2,1,-25765,-15856,-19852,-3079,11201,32767,21657,7350,-32167,-3046,-26103,-28383,-11966,11261,4011,-4301,14156,-978,-3800,-20030,-31074,2192950817,2,1,-15.726187932981354,-9.6780297250282299,-12.117069002349925,-0.64898841560957099,-0.19787919708351526,0.73319343940746751,0.045664430096195828,-1.8793298135319072,6.8367564928128912,20,13.218787194433423,4.4862208929715877,-19.633777886288033,-4.6479689931943726,-39.831232642597733,-43.310342722861414,-73.03689687795648,68.73378704184087,24.481948301644948,-262.52021851252783,864.04004028443251,-59.69420453505051,-0.46388134403515735,-12.225714896084476,-189.66643269142736,2,1
rand156,18.719424205025085,8.8741396652442042,2.9051801695600621,0.26045599284298726,-0.76258997683822305,-0.27937639242286133,-0.52208048649115346,1.5089165604727119,-9.1484530041568277,4.6011500589742766,-11.236688419920592,-7.2284927046334051,-5.8051036414454993,-46.60831256703824,-44.60110022380178,-42.47668072684057,7.4709940561046828,-175.68669776879167,14.441020966081028,-1939.0368903197382,-389.08775558837021,-641.76838806711487,1.7841094154723782,10.985361929496198,191.37849841080666,0,0,30669,14539,4760,2472,-14988,7538,-18410,-11843,-9511,-30544,-29229,-27837,1224,-28784,2366,-31768,-6375,-10514,14615,17998,31354,1414212473,0,0,18.719443342387159,8.8741721854304636,2.9053621021149327,-0.26014887448741864,0.76291453986279267,0.27952166301307746,0.52168151958381292,1.5088351084933012,-9.1482284005249177,4.6009704886013365,-11.236915189062167,-7.2286141544846947,-5.8052308725241861,-46.607867671742909,-44.601275673696094,-42.477187414166693,7.4709311197241126,-175.68895535142065,14.441358684041871,-1939.0240180669575,-389.11099581896423,-641.74321726126891,1.7841120639667958,10.98544267097995,191.37546922208318,0,0
rand157,2.8067555785066665,8.9738281617787372,18.38609598436221,0.70716678132028388,-0.13050704091179283,-0.51023449498222884,0.47174549897141277,3.0365871927513304,13.653994204783814,8.9091195211258238,-13.854561398121042,-5.1701770561818208,-20.68020692937916,-50.717623897687979,-29.041296834433229,40.274508576796634,-63.252921970690551,-5.576941996552911,201.52810495231236,565.91466160323546,1891.3897732424077,-875.64102083110458,0.79493181693600079,2.4949865721804305,-192.24994608380612,1,1,4598,14702,30123,4975,22370,14596,-22699,-8471,-32768,-32768,-19032,26393,-10363,-914,32767,9272,30988,-14346,6512,4088,-31497,438452053,1,1,2.806482131412702,8.9736625263222152,18.386181218909268,0.70689417389562104,-0.13007443724370932,-0.51061135471200791,0.47186577766069021,3.0365916928617205,13.653981139561143,8.9089632862331012,-13.854792931913206,-5.1704458754234439,-20.00061037018952,-50.0015259254738,-29.041413617358927,40.273751029999694,-63.252662739951781,-5.5787835322122872,200,565.93523972289188,1891.4151432844019,-875.63707388531145,0.79494613483077492,2.4951933347575306,-192.24829859309671,1,1
rand158,-13.710706027352977,-10.704066997161094,-9.8193110143790445,0.31541154712642955,-0.65219672063309442,-0.68537547069200111,0.073589793507439466,-6.0879646674796444,1.3142889381350913,-16.134573456362254,-0.096317809533626342,9.9683823171762107,-15.318492119347546,-17.245778926253863,-46.247948096880116,-15.78510254415759,42.757465914844765,118.62668946039096,135.56797539801434,1763.8221067170359,2054.1961354613645,2034.1967313470893,-3.9746250517806998,-15.28632192123867,6.6277718741873448,2,0,-22463,-17537,-16087,-9974,2153,-26434,-158,16332,-25097,-11302,-30308,-10345,7005,19435,22211,28898,32767,32767,-32559,-25044,1086,2446286283,2,0,-13.710745567186498,-10.704062013611255,-9.8190252388073365,-0.31549969884644391,0.6517559568275223,0.68578085442991066,-0.073339842275708444,-6.0878322702719201,1.3141270180364391,-16.134525589770195,-0.096438489944151135,9.968565935239722,-15.318460646382031,-17.246009704886013,-46.247749259926145,-15.785699026459548,42.756431775872066,118.62544633320108,135.56932279427474,1763.8477736747336,2000,2000,-3.9746086001159702,-15.286111026337474,6.6286202581865901,2,0
rand159,-14.314463848828423,14.227003454436435,-5.9803822984487613,-0.3239997799376596,0.023606619245002704,0.93116702933190243,-0.16551384719524073,-3.1880123681749848,13.678645616953869,-4.6902807968010141,-11.702047865057038,11.051732103343847,-20.469226413468327,-43.463503658561706,-27.377681475369663,-14.578449776754193,-143.72430542073852,201.98010643569114,13.925598823888453,501.83866684115196,-1199.3827380170374,664.31990212215567,-0.43754650015715418,-11.161850890918876,174.68312813783717,0,1,-23452,23309,-9798,-5223,22410,-7684,-19172,18107,-32768,-28483,-17942,-9554,-23547,32767,2282,8222,-19650,10884,-3584,-18287,28619,2439529864,0,1,-14.314401684621723,14.227118747520372,-5.9804071169164095,-0.32380232250029767,0.023524100352585727,0.9311419058505539,-0.16605247307707574,-3.1879634998626667,13.678395947141942,-4.6900845362712484,-11.702017273476363,11.051973021637624,-20.00061037018952,-43.462935270241402,-27.378154850917081,-14.578691976683858,-143.72386852626119,200,13.928647724845119,501.84636982329783,-1199.3774224066897,664.32691427350687,-0.43751335184789575,-11.161839655751214,174.68184453871274,0,1
rand160,-2.6449028436498656,-8.326775765822573,8.7568138890387868,0.032695568305046115,-0.18160238119181527,-0.5441522124173771,0.81844361117913711,-15.69946289295042,-0.59330150855571562,-19.291336431594225,1.068420303666449,14.732514823232831,16.364272931929907,45.245563480670491,-1.1880790359403315,-0.81866456361677997,28.663566244643334,-51.197107626572404,143.37485085749438,1281.5462118699381,-2089.8395538065042,-1705.0036799196448,-4.2187042243933517,-16.702957185505234,57.508852239874955,1,0,-4333,-13642,14347,-25721,-972,-31606,1750,24137,26810,29651,-779,-537,4696,-8388,23490,20996,-32768,-27934,-32768,-27365,9422,3783652471,1,0,-2.6447340311899166,-8.3266701254310735,8.7569811090426342,0.03321049461541515,-0.18127394977580769,-0.54382184932742306,0.8187152217799416,-15.699331644642475,-0.59327982421338543,-19.291360209967344,1.0681478316599018,14.732505264442885,16.364024781029695,45.245216223639638,-1.1886959440900906,-0.81942197943052464,28.662984099856562,-51.197851496932891,143.3759575182348,1281.5332499160741,-2000.061037018952,-1705.0080874050111,-4.000122074037904,-16.702780236213265,57.509079256569109,1,0
rand161,-4.7551835181242721,-6.0214877158987914,-3.537887583707557,0.18920238378351767,-0.94851880924729781,0.082801122893891688,-0.24012184515831464,21.084465275998177,20.788949861546744,-11.428792450176227,1.818146779875855,6.0901509622481971,14.173123655829468,51.744762335065126,5.3856157825357958,-12.038102543612386,128.16852062849981,201.82347805224549,123.60651041216499,-2123.6870835952673,-283.81320989132746,1991.7787048446396,-2.6006228995477385,21.976300426297115,-124.32486779000735,2,1,-7791,-9865,-5796,32767,32767,-18724,2979,9978,23221,32767,3529,-7889,20998,32767,20251,-32768,-4650,32632,-21304,32767,-20369,1467421358,2,1,-4.7553941465498824,-6.0213019196142463,-3.5377056184575943,-0.18957657342966147,0.94825853187928144,-0.08302623653853787,0.24077608596175981,20,20,-11.428571428571429,1.8182927945799128,6.0902737510299998,14.173406170842616,50,5.3849909970397043,-12.038026062807093,128.1655323953978,200,123.60606707968383,-2000.061037018952,-283.82213812677389,1991.7600024414808,-2.6006653035065765,20,-124.32630390331737,2,1
rand162,-5.8442977739294086,-0.94608804905912569,-5.5511918838625922,0.10059526022908459,-0.43422686089668283,-0.56807053761940818,-0.69182620012836493,15.375192298248216,0.18863569343474529,-17.886435776866005,-9.2198969439583784,4.3682667377317763,20.54738688367167,32.269621885394386,25.846031671208006,-11.565386480826712,-80.724085067812936,166.55470080208593,201.76306430975819,1105.0291125189497,-220.99269325063551,-375.93547272135652,3.0506780752260041,18.142628758441283,-44.765116199013491,0,0,-9575,-1550,-9095,25190,309,-29304,-15105,7157,32767,21148,16938,-7579,-13225,27287,32767,18104,-3621,-6159,24990,29724,-7334,3682397083,0,0,-5.8442945646534623,-0.94607379375591294,-5.5513168736838896,-0.10101525445522107,0.43450397121834816,0.56872972028898439,0.69104900160758886,15.375225074007385,0.18860438856166264,-17.886288033692434,-9.2196417126987527,4.3684194463942383,20,32.270271919919431,25.846125675222023,-11.564989165929136,-80.721457564012567,166.55171361430709,200,1105.0141911069063,-221.01504562517167,-375.92699972533342,3.0506302072206792,18.14264351329081,-44.764549699392681,0,0
rand163,-15.188110110588706,16.391310007927881,-14.453452996202989,-0.053177302091064672,0.86513742725924614,-0.20688290681507845,-0.45377182522200726,-6.5499338366499646,17.622760269958441,10.783071757154296,-15.345270087512944,4.5151211222052812,-4.2520633685904796,-5.9418388155090458,-24.285987693931876,27.223102364973705,-104.87929633345144,-205.54367839149606,-70.478122061921383,-362.69460867121251,-1367.2756328180526,200.5903731881458,-1.5695417578475441,-21.817384670188584,104.90677615181559,1,1,-24883,26855,-23680,-10731,28872,17666,-25141,7397,-6966,-3894,-15916,17840,-17183,-32768,-11547,-5942,-22401,3286,-12857,-32768,17187,1571137720,1,1,-15.187841425824763,16.391491439558092,-14.45356608783227,-0.05258328314107398,0.86495514946581409,-0.20756559134634467,-0.45387675974400699,-6.5498825037385178,17.622608111819819,10.782799768059329,-15.345316934720909,4.5149082918790242,-4.2518387401959288,-5.9419537949766532,-24.286629840998565,27.222510452589496,-104.87990966521195,-200.0061037018952,-70.479445783867916,-362.68196661275061,-1367.2902615436262,200.56764427625356,-1.5695059053315836,-20.00061037018952,104.90432447279275,1,1
rand164,6.7500330628310508,11.396771504468303,-5.346902743456635,-0.35632631234076134,-0.22752166753956304,0.59983800143469923,-0.67930834086479208,-3.7268653424789702,9.6879903312352305,12.094795901136578,9.6260441735147655,-19.5240392385641,3.2332733146367967,-40.301615238872991,-8.4352927125410471,27.371633247217019,-218.09963509868206,8.3578501581554221,81.991929755616709,2135.0706447200505,-1568.2743079360714,1379.5662658970816,-3.3884370263830474,17.360248507914726,-190.40307080828185,2,0,11059,18672,-8760,-6106,15872,19816,15771,-31987,5297,-26411,-5528,17938,-32768,1369,13433,32767,-25694,22602,-27757,28442,-31195,4029321295,2,0,6.750083925901059,11.396832178716391,-5.346842860194708,0.35701281711571281,0.22693837987200349,-0.59917267368644822,0.67973003998911652,-3.7269203772087773,9.6877956480605487,12.095095675527208,9.6261482589190344,-19.523911252174443,3.2331308938871426,-40.301217688528091,-8.435316019165624,27.372051149021882,-200.0061037018952,8.3559678945280318,81.991027558214057,2000,-1568.2851649525437,1379.558702352977,-3.3884090701010163,17.360148930326243,-190.40498062074647,2,0
rand165,12.462837575566212,-1.2459319448022605,19.551221314040291,-0.27751286169758888,0.68689846774738295,-0.40125449517909734,-0.53865753192290944,12.783139611202309,-3.8049999532125702,-6.8386337430520765,0.50720119403017749,2.5503681970715708,1.4280136557839782,1.4685806091802589,-12.615588984288809,28.151168990172316,5.5775752754373542,-34.130223175364399,-109.61454079320573,637.48614174509146,-191.51959877811967,1643.2878785889445,3.5605180073994038,-6.8525103463902068,80.318797505060758,0,1,20418,-2041,32032,20943,-6234,-11204,831,4178,2340,962,-8268,18449,914,-5592,-17959,10444,-3138,26923,29167,-11227,13159,1400076411,0,1,12.462538529618213,-1.2457655568102053,19.55137791070284,-0.27813789240410186,0.68691354261974591,-0.40129347660293302,-0.53828676689152044,12.782982879116185,-3.8050477614673301,-6.838587603381451,0.50721762749107335,2.5501266518143253,1.4282662434766686,1.467940305795465,-12.61635181737724,28.151799066133609,5.5787835322122872,-34.131900997955263,-109.61638233588671,637.47062593462931,-191.53416547135839,1643.2996612445447,3.5605334635456405,-6.8526261177404093,80.318613238929416,0,1
rand166,-4.2630865976157226,-2.4141238059775176,-1.4156385464182688,-0.60401857137740411,-0.28849535659971703,-0.6403876990544497,-0.37661066043242764,-4.5540155806559399,-14.224620964720977,-4.0925154524281684,4.3081434369739533,-4.6411595515603974,-4.0968439582765317,46.756952125045771,29.903858510845012,48.628168239890513,-65.030039569454985,-129.36991647022441,169.71865401380396,-1161.8602213458723,711.92157594376056,-2156.0834404064121,-0.12676185184401226,17.71082000795197,93.908057997012762,1,0,-6984,-3955,-2319,-7461,-23305,-6705,7058,-7604,-6712,30642,19597,31868,-10654,-21195,27806,-19035,11664,-32768,-1038,29017,15385,3143320336,1,0,-4.2628254036072875,-2.4140140995513777,-1.4154484694967497,0.60470775612235095,0.28782428666693133,0.64017152822983436,0.37638560564137169,-4.5539719840083013,-14.224677266762292,-4.0925321207312235,4.3079927976317638,-4.6412549211096534,-4.096804712057863,46.757408368175298,29.903561510055848,48.62819299905393,-65.028839991454817,-129.36796166875209,169.71953489791559,-1161.8396557512131,711.9357890560625,-2000.061037018952,-0.12671285134434035,17.711111789300212,93.905453657643363,1,0
rand167,9.5256902784957269,15.546001143044624,0.71852517093860602,-0.30943572941676617,-0.63135981941420571,0.70723108376706234,-0.07388167528719114,3.5401365910993903,5.4376647497362498,1.4325971895984302,-13.345180343214672,-4.1511079294217996,-0.19759755499050335,-9.3732112148616125,-46.278541921382136,11.618868878953419,-146.17519847972989,-33.655078241180753,206.78175531345087,-1393.5136790485617,282.93090474847213,2061.8959711062607,-3.9789670505191679,-4.9434753115483812,162.3632228452137,2,1,15606,25470,1177,5800,8909,2347,-21864,-6801,-324,-6143,-30328,7614,-23949,-5514,32767,-22831,4635,32767,-32595,-8099,26601,2449531339,2,1,9.5254371776482429,15.54612872707297,0.71840571306497392,-0.3099646164105414,-0.63099939769288793,0.70737752595036063,-0.073339842275708458,3.5401470992156745,5.4377880184331797,1.4325388348033081,-13.345133823664053,-4.1511276589251382,-0.19775994140446179,-9.3737601855525376,-46.278267769402142,11.618396557512131,-146.17755668813135,-33.655812250129706,200,-1393.5361796929838,282.90658284249395,2000,-3.9790032654805141,-4.943388164922025,162.36457411420025,2,1
rand168,8.8503832220051084,-0.90860704887659605,-7.0823823671198962,-0.79665314066018766,-0.34906460844737586,0.067429583128029158,-0.488826067149574,-4.146074344772563,3.8598272706097796,-10.061270845388076,-0.94566502357442195,-0.19086411963462524,17.096290707531974,-18.077933870364468,50.623354661717904,-27.790912112473549,90.323912837838407,214.01717953790552,-187.25215704536805,-1353.2678102088278,-828.1728800012695,-218.4230923421417,1.6141323564251535,15.975209279663767,-215.08106877542147,0,0,14500,-1489,-11603,-6793,6324,-16484,-1549,-313,28010,-11847,32767,-18212,14798,32767,-30678,-22171,-13568,-3579,13223,26173,-32768,801587041,0,0,8.8503677480391865,-0.90884121219519642,-7.0821253089999088,0.7969942115757066,0.34871019346185911,-0.067804759839805939,0.48847102496839784,-4.1462446974089788,3.8599810785241249,-10.061342204046754,-0.94546342356639301,-0.19104586931974243,17.096469008453628,-18.077639088106938,50,-27.790154728843042,90.322580645161295,200,-187.24936674092837,-1353.2517471846675,-828.15027314065981,-218.45149082918789,1.6141850032044436,15.975218970305491,-200.0061037018952,0,0
rand169,-1.2055412971026489,-2.0214378189518363,-16.700751899528843,0.19147723730908625,0.48600452154848373,0.47396229493387171,-0.70886939248914316,-19.50199321152957,-7.1193538049567398,-6.7788914933182536,20.229757684403349,-11.909251928081675,-5.3647944713421509,18.812615334270212,-42.820330187467221,36.97046338269422,70.394013225490141,-15.381504932392364,9.7771343378137754,903.11369509040685,537.8668384646478,-2120.9746740542591,0.22848663192121166,-9.0731253190654293,192.06478730230583,1,1,-1975,-3312,-27362,-31951,-11664,-11106,32767,-19512,-8789,12329,-28062,24228,11533,-2520,1602,14796,8812,-32768,1872,-14865,31467,3613557929,1,1,-1.205481124301889,-2.0215460676900538,-16.700949125644705,-0.1909603440386371,-0.48570348375044653,-0.47463331887864146,0.70876617123531716,-19.501937925351726,-7.1193578905606252,-6.7787713248084964,20,-11.909543137913145,-5.3645435956907868,18.813135166478471,-42.820520645771659,36.970122379223,70.393993957335127,-15.381328775902585,9.7781304361094996,903.10373241370894,537.85821100497446,-2000.061037018952,0.22852259895626698,-9.073152867213965,192.06518753624073,1,1
rand170,-6.3464307198550154,19.053379764301052,-2.9982386573371098,-0.3217274310512368,-0.90850710866348683,0.24136432509181288,0.11335588290890201,9.0022057357726624,-0.85987659389058324,-12.360520021609105,13.748998802476681,-5.1453199460832906,-6.5611425972813269,-20.559965747232809,23.361943216326257,-40.256237436285943,21.576951337248143,16.516819646596463,151.46779600217411,1058.6279768893396,652.07415110030013,-1836.4080396333118,-2.0427859476209242,3.6136961732075767,202.74794252514846,2,0,-10398,31216,-4912,14749,-1409,-20251,22526,-8430,-10749,-13474,15310,-26382,3535,2706,24816,17344,10683,-30087,-16734,5920,32767,1855277486,2,0,-6.346629230628376,19.053315836054566,-2.9981383709219642,0.32241855189132207,0.90840403827840044,-0.24077608596175981,-0.11346918993600175,9.0023499252296517,-0.86001159703360086,-12.360606707968383,13.749198889126255,-5.1454206976531269,-6.5608691671498764,-20.560319833979307,23.361919003875851,-40.256965849787896,21.576586199530016,16.51661732840968,151.46946623126925,1058.6260567033905,652.05847346415601,-1836.4207892086552,-2.0427869502853482,3.6133915219580675,200,2,0
rand171,8.7373875415014144,-13.554952381593036,10.613142721442415,0.71410084518779815,-0.65327269953545219,-0.24861794697444689,-0.03852115504429162,4.5657075955655557,4.1593139989348042,-9.9776454300113411,-19.867335361613005,17.661777711239189,-0.37350312497046589,9.7543979067644582,-18.256034515345007,-3.3822104367104555,-114.13739997764128,-102.79561347922885,87.262077001149152,1033.9479613574447,1172.5224767766442,-138.91213334763512,-0.84472771400683044,-7.8236179446683369,182.64989352603652,0,1,14315,-22208,17388,7480,6814,-16347,-32550,28936,-612,6392,-11964,-2216,-18700,-16842,14297,16940,19210,-2276,-6920,-12818,29924,42283492,0,1,8.7374492629779965,-13.555101168858913,10.613116855372784,0.71404976935740172,-0.65313972743649784,-0.2490787096156136,-0.038745577051317669,4.5655690176091799,4.1590624713888973,-9.9777214880825227,-19.867549668874172,17.661671803949094,-0.37354655598620562,9.7537156285287026,-18.25617236854152,-3.3814508499404887,-114.1392254402295,-102.79854731894895,87.264625995666378,1033.9671010467848,1172.5211340678122,-138.92025513473922,-0.84475234229560225,-7.8237250892666399,182.64717551194801,0,1
rand172,-15.208152912200498,14.280342759153902,6.7854152980976679,0.22792679633690363,0.54821634961455368,-0.50696638946053063,0.6248946227038944,19.604921046026238,17.412100124275483,16.604093525196266,-21.18651043320364,-20.13863858138447,-1.553116932182081,1.8387901813212482,-45.239503450949563,-45.884553954324907,92.157724518633131,-86.520554825285529,-33.287155098318905,1141.3201518559408,1497.130436261848,2078.737457728962,-4.02262968651329,13.5478495180589,-99.785545341960386,1,0,-24916,23396,11117,32120,28527,27203,-32768,-32768,-2545,1205,-29647,-30070,15099,-14175,-5454,18699,24528,32767,-32768,22196,-16348,3932041362,1,0,-15.20798364207892,14.280220954008605,6.7854853968932156,0.22832215048097912,0.54797316115434991,-0.50646004288508095,0.62537399627350354,19.605090487380597,17.412030396435437,16.603900265511033,-20.00061037018952,-20.00061037018952,-1.5533921323282571,1.8387401959288308,-45.239112521744438,-45.884578997161782,92.159794915616317,-86.51997436445204,-33.289590136417736,1141.3312173833431,1497.1160008545182,2000,-4.000122074037904,13.547776726584674,-99.783318582720426,1,0
rand173,10.115427698308782,-7.6180655106897266,15.240420441728135,0.15582617399359097,-0.90473564999248823,-0.27732748656648198,-0.28330385159031413,-9.2828450715248252,2.4224747705588676,14.989744134706534,-21.627141073376322,-13.835955299215176,2.2835009004614357,51.999481460283185,38.868743279449063,-30.416379012561841,5.7721831013604419,43.223338924389964,145.27044872866585,461.44381418670611,1664.5744673404245,2188.4920134206232,3.6079704599251055,14.183580677602539,206.79207112412888,2,1,16573,-12481,24969,-15209,3969,24558,-32768,-22668,3741,32767,25472,-19933,946,7081,23800,7560,27272,32767,29556,23238,32767,1492853453,2,1,10.11566515091403,-7.6180303353984193,15.240333262123478,-0.1563660788142463,0.90470240897827148,0.27675412179512621,0.28367297484000437,-9.2831202124088268,2.4225592822046571,14.989471114230781,-20.00061037018952,-13.835871456038086,2.2833948789941099,50,38.868373668630021,-30.416272469252601,5.774101992858669,43.220313119907225,145.26810510574663,461.43986327707756,1664.6015808587908,2000,3.6080202642902921,14.183782464064455,200,2,1
rand174,-9.9251880612350938,7.3296580157859808,19.220368442565658,-0.467549998889986,-0.82759653704870573,0.28527387449894104,0.12288119030725074,16.396267995466843,-16.708283518576444,6.9597482259989221,1.2235482975885592,20.415423370514866,-19.507181189506689,-21.666477711582637,-46.039285503601292,-20.885130653426927,171.34203503182366,-33.265668793944464,121.3659507433149,-532.73037690053718,1347.7251692547648,2152.4234892144141,3.5854078691571769,20.971182828088669,34.803579553208877,0,0,-16261,12009,31490,26863,-27374,11403,2005,32767,-31960,-14199,-30171,-13687,28072,-5450,19884,-8728,22080,32767,29371,32767,5702,1965345191,0,0,-9.9252296517838072,7.329935605945006,19.220557267983033,0.4677144658337633,0.82753763201712915,-0.28505674544898002,-0.12315558419883117,16.396374401074251,-16.708273567918944,6.9600512710959199,1.2237922299874875,20,-19.507431257057405,-21.666615802484205,-46.038697470015563,-20.885341959898678,171.34311960203863,-33.265175328836939,121.36600848414564,-532.73110141300697,1347.6973784600359,2000,3.5854365672780539,20,34.803308206427197,0,0
rand175,5.9887302174526491,-7.0490831777383942,-14.033204509994308,0.14841063389694448,-0.85429495895565211,0.4017670080154262,0.29451261113847127,16.440123995639389,0.98215652816079979,6.9385553848813437,-2.1554750450051343,0.44535765059843113,13.891610912029986,39.857599097582629,-47.900409505410998,26.829697744778795,-147.69742264071024,149.86674172897276,131.24827159359339,-2045.0091630362019,-1806.5001058017374,600.52510519264388,-2.5934527024117484,-19.439856085256483,29.571944879906088,1,1,9812,-11549,-22991,26935,1609,11368,-3531,730,22759,26120,-31391,17583,-24198,24553,21503,-32768,-29597,9839,-21245,-31849,4845,1498642731,1,1,5.9889522995696893,-7.0491653187658319,-14.03302102725303,-0.14806345516039252,0.85449823901206634,-0.40129347660293302,-0.29474313971180943,16.440321054719689,0.9820856349375896,6.9386883144627216,-2.1552171391949217,0.445570238349559,13.891415143284402,39.85717337565233,-47.900326548051396,26.830347605822933,-147.69737846003602,149.86419263283182,131.24790185247352,-2000.061037018952,-1806.5126499221778,600.54322946867273,-2.5934629352702414,-19.439680166020693,29.572435682241281,1,1
rand176,-12.401675530587223,-13.53772922292562,20.881436900657068,0.26009217753227515,0.49218064962044566,0.81388029215347746,0.16646061807492446,-18.575189029045607,5.4219273256048783,-3.1058396477749586,20.4613010039212,-3.7053137269383241,-18.86481442649999,-47.786174648975319,36.067463965822775,13.890501820506612,99.219824752536809,210.05896414225793,-152.05413807043217,633.55047739336749,1661.4467154518886,-1168.8997442829846,0.98721045754782066,16.385542217328275,59.286960865143115,2,0,-20318,-22180,32767,-30433,8883,-5088,32767,-6071,-30907,-31316,23636,9103,16256,32767,-24912,10380,27220,-19151,8087,26845,9713,2882376312,2,0,-12.401501510666218,-13.538010803552355,20,0.26014887448741864,0.49262233679532469,0.81367829796439206,0.16605247307707574,-18.575395977660452,5.4219183935056607,-3.1055635242774744,20,-3.705557420575579,-18.864711447492905,-47.785882137516403,36.06677449873348,13.890499588000122,99.221778008362065,200,-152.05542161320841,633.56425672170167,1661.4276558732872,-1168.9199499496444,0.98721274452955721,16.385387737662892,59.285256508072145,2,0
rand177,-6.8313423785553287,-13.492259615516994,14.218166376398933,0.65844308140410457,-0.52767506049859292,-0.11062065891135586,0.52514265576211905,20.533417236039917,-17.605991054457093,-19.961600226730035,-0.72363617331866781,-19.750097958383289,-6.2396291102546222,21.083902033927064,53.454287104725537,-51.854916842648983,-119.30820026269154,186.15746207898246,-34.992140258109018,1893.6326679284527,-1361.7915363585264,-1030.7618070431179,0.41234367743012862,-3.309962986546203,-106.10486686381999,0,1,-11192,-22105,23294,32767,-28845,-32704,-1186,-32358,-10223,13817,32767,-32768,-19547,30499,-5733,31024,-22311,-16887,3378,-5423,-17384,137806716,0,1,-6.8312631611072119,-13.492233039338359,14.217963194677571,0.65824587574587567,-0.52721660201971543,-0.11070164871805049,0.52583283141073978,20,-17.606128116702781,-19.961546678060245,-0.72389904477065337,-19.750358592486343,-6.2398144474623862,21.083712271492661,50,-50.0015259254738,-119.30906094546343,186.15680410168767,-34.992522965178381,1893.6124759666739,-1361.7969298379467,-1030.7321390423292,0.41236610003967406,-3.3100375377666555,-106.10675374614704,0,1
rand178,-5.5251598885615341,7.485421097427853,10.081979599402423,-0.38688904171516048,0.18757312832398626,-0.43480833308969763,-0.79124895223136749,-16.435913085761548,9.9556129395041388,-12.837769146424215,2.9391424953587015,-2.8625586675011228,-1.0798708257547549,-50.596713204034828,-12.651173492003917,35.609697042758697,-66.946223248583777,-48.789778938468366,14.0865218135772,-861.92114908741883,-729.74623936834439,-1377.0560341385719,1.9776304666981825,16.778401964482683,177.32069460952616,1,0,-9052,12264,16518,-26928,16311,-21033,4815,-4690,-1769,-32768,-8291,23336,-10968,-7993,2308,-14121,-11956,-22561,16200,27489,29051,4052083514,1,0,-5.5250709555345319,7.4855800042725917,10.082094790490432,0.3874557705131767,-0.18819280282068582,0.43450397121834816,0.79099165220501533,-16.436048463393046,9.9557481612598036,-12.837916196172978,2.9389324625385296,-2.8626361888485365,-1.0797448652607806,-50.0015259254738,-12.651448103274635,35.608996856593521,-66.945402386547443,-48.786889248329111,14.087343974120303,-861.90374462111265,-729.75859859004481,-1377.0561845759453,1.977599414044618,16.778466139713736,177.31864375743888,1,0
rand179,-21.681967155822999,2.8865434727452093,-12.828293061894938,-0.50147763302306592,-0.53244876460801782,0.62410810393472682,0.27478641023161821,-17.700052107399102,-17.464472896795137,1.6684162784758909,17.66596656352748,3.74426633253284,-5.2966630805207622,-43.012353698235906,-5.2913877128545694,14.029742242014438,-48.416954903381537,5.3553811315564737,-165.36761522328806,-269.9477269610498,-793.77761851534046,-1839.3484548742776,-1.1942381687040797,10.11376719439882,149.13602538862679,2,1,-32768,4729,-21017,-28999,-28613,2733,28943,6134,-8678,-28188,-3468,9194,-7932,877,-27093,-4423,-13005,-30135,-9783,16570,24434,2304900807,2,1,-20.00061037018952,2.8864406262398146,-12.828150273140659,-0.50092496044917845,-0.53275168445561794,0.62403605376316729,0.27537035118615061,-17.700125125888853,-17.464522232734154,1.6681417279580066,17.665944395275734,3.7440107425153357,-5.2967925046540723,-43.012787255470442,-5.2919095431379128,14.029358806115908,-48.414563432721948,5.3529465620899073,-165.36759544663838,-269.96673482467116,-793.78643147068692,-1839.3505661183508,-1.1942503128147222,10.11383404034547,149.13785210730308,2,1
rand180,8.3655747380212375,0.64740701950393653,18.51852498450436,-0.21899059727044939,0.88363470964903956,0.3185028932037382,0.26417555759652989,18.095091432145601,4.638638685874712,-7.7924751320189234,18.862817516422208,2.8584719543386865,3.289424005191377,17.660712466326128,42.220994089323241,-16.442360501281414,-125.17401128902071,-74.543694035454095,-160.52120185225647,2199.5954442335815,281.43030685277193,-1522.3382640766574,1.5784548008851784,14.694623227576841,77.475748151955912,0,0,13706,1061,30340,29646,7600,-12767,30904,4683,5389,11574,27669,-10775,-20508,-12213,-26299,32767,4611,-24941,12930,24075,12693,1445698239,0,0,8.3657338175603506,0.64760277108066044,18.518631550035096,-0.21863575621814973,0.88377020854909616,0.31826724006439522,0.2643001863143456,18.095034638508256,4.6388134403515728,-7.7925962096011228,18.862880336924345,2.8583635975218971,3.2892849513229776,17.661061433759574,42.220831934568317,-16.441846980193489,-125.17471846675008,-74.544511246070741,-160.52125614185005,2000,281.44169438764612,-1522.3242896816919,1.5784173100985748,14.694662312692648,77.474288155766473,0,0
rand181,-11.460939135929134,-16.716011328747342,-8.622069247222452,-0.35013030333743339,-0.65485161053609986,0.41663364693914257,-0.52439922111050363,-11.119671776968847,-7.2798565367563848,9.6311501360656191,16.365030137593191,1.2388007634739475,-12.065877199885305,-15.385785323496314,-8.3078967939032982,1.352529054837982,-216.64421952436109,-80.662364184117692,208.1802455566403,-1915.1311877588093,964.35040540378122,-142.54811701704168,-3.3647788388910205,19.041997887649877,45.413582624740982,1,1,-18777,-27387,-14126,-18218,-11927,15779,26812,2030,-19768,-10083,-5444,886,-32768,-13215,32767,-31377,15799,-2335,-27563,31197,7440,1876119419,1,1,-11.460921048615985,-16.716208380382703,-8.6220892971587269,0.35009396407083465,0.6549066289337957,-0.41651495330166494,0.52444906080176423,-11.119724112674337,-7.2798852504043703,9.6310312204351938,16.365245521408735,1.2390514847254861,-12.06579790643025,-15.385906552323984,-8.3071382793664359,1.3519699697866756,-200.0061037018952,-80.660420545060575,200,-1915.1585436567277,964.32386242255927,-142.5214392529069,-3.3647267067476423,19.041718802453687,45.411542100283825,1,1
rand182,-4.1098351433807672,-19.105433184815883,12.860402371677374,0.41632814620359038,0.86737862054550341,0.11106794383270359,0.24897613369967189,-19.399664950997714,7.5180499479064524,-15.340425825767401,-8.5926070674407296,8.749844908329953,15.842234235281049,28.750076604467125,50.737072179774714,-41.673040340542222,-56.987059232805713,197.40684524218565,112.6087370024097,1558.9588046497756,-1264.0212980150673,1043.8426636950194,0.45000993511454068,3.1528674634644069,203.03593268805713,2,0,-6733,-31301,21070,-31783,12317,-25133,-14078,14335,25955,18841,32767,-27310,-9336,32342,18449,25541,-20709,17102,3686,5166,32767,1926841012,2,0,-4.1096224860377824,-19.105197302163763,12.860499893185217,0.41651495330166494,0.8673063098256798,0.11070164871805049,0.2490787096156136,-19.399395733512375,7.5179296243171487,-15.340433973204748,-8.5927915280617686,8.749656666768395,15.842158268990142,28.749961851863155,50,-41.673024689474168,-56.984160893581958,197.40592669454023,112.60719626453444,1558.9465010528886,-1264.0156254768517,1043.8550981170079,0.44996490371410258,3.15317239906003,200,2,0
rand183,-11.753279342312956,19.231290371631893,-13.095682309694423,-0.5453306914665389,-0.078841043729801399,-0.83354568809137675,-0.040001407881417095,20.118812979237461,-14.61756668166953,-4.425901753308322,14.357192452965515,-5.8582902948567881,-5.6959487584329249,0.67607232682206364,0.93050266349481769,-24.84431466343284,-110.69565986737044,184.005964137245,-61.187856867846406,690.15275599601273,2156.5634497742685,68.148955484998197,-0.84132709718084897,9.6887442444369611,153.23709476895831,0,1,-19256,31508,-21455,32767,-23949,-7251,23522,-9598,-9332,443,610,-16281,-18136,30147,-10025,11307,32767,1117,-6892,15874,25106,3098076701,0,1,-11.753288369396039,19.231543931394391,-13.095492416150396,0.5452056199363986,0.078874924711610978,0.83361814621435892,0.040129347660293302,20,-14.617755668813135,-4.4257942442091132,14.35712759788812,-5.8583330790124206,-5.6959746086001157,0.6759849848933378,0.93081453901791433,-24.843592638935515,-110.69673757133701,184.00830103457747,-61.189611499374372,690.14557329020056,2000,68.178350169377723,-0.84133426923429055,9.6890163884395886,153.2395397808771,0,1
rand184,-20.38934857351191,0.36296604540221233,-8.6986964007635379,-0.42568286416137779,0.16798877514684518,0.77375373805054282,-0.43803997926769273,3.4282612453270618,-12.05575227903641,5.6613716331148787,-4.9073712620536476,9.8567001370562046,3.3737154752808851,49.383240354338753,-5.2394067841036911,34.944673639018468,-4.1460045206035812,5.3446880857827628,17.754948187704308,-269.27397669233682,-1132.1690203876794,-737.88438522527144,-0.28044897393424739,-4.3732474495725011,137.38751265462523,1,0,-32768,595,-14252,5617,-19752,9275,-8040,16149,5527,32363,-3434,22901,-679,876,2909,-4412,-18549,-12089,-2297,-7165,22509,2362041539,1,0,-20.00061037018952,0.36317026276436659,-8.6989959410382394,-0.4262013475644944,0.16743624368605139,0.77323932795156247,-0.43865528304527512,3.4284493545335244,-12.056031983397931,5.661183507797479,-4.9073763237403485,9.8568681905575737,3.3735160374767297,49.38352610858486,-5.2400280770287182,34.945219275490587,-4.1444135868404191,5.346842860194708,17.755668813135166,-269.29532761619924,-1132.1756645405439,-737.87652211066006,-0.28040406506546223,-4.3733024079103977,137.38822595904415,1,0
rand185,-7.8497230760907719,13.143353687762431,-18.475664023464248,0.024492772942545347,0.39909303217294562,-0.80864333466929428,-0.43153309611142543,2.3935697468653108,-9.958071633483172,11.186233302581414,-10.877593145258615,2.9603834264241158,0.55473217196200109,-24.56814080546949,49.387587332245317,53.600871816881124,-23.969760835419812,-88.744578353155859,-145.80901285960988,560.43053969216601,-1282.8030210467514,1918.3850010144856,0.035694942310995792,13.972445365181267,34.4361282677039,2,1,-12861,21533,-30270,3922,-16315,18327,-17821,4850,909,-16100,32366,32767,-3927,-14539,-23889,9182,-21017,31430,292,22892,5642,2665710392,2,1,-7.8499710074159976,13.14310129093295,-18.475905636768701,-0.02490787096156136,-0.39852593538498177,0.80880178770833588,0.43173643000039691,2.3938718832972197,-9.9581896420178833,11.186254463332011,-10.877407147434919,2.9602954191717274,0.55482650227362895,-24.567400128177741,49.388103885006259,50,-23.969237342448196,-88.741721854304629,-145.81133457441939,560.44190801721243,-1282.8150273140659,1918.3935056611836,0.035645619067964721,13.972594378490555,34.437086092715234,2,1
rand186,-20.139324995110499,-8.3303988340989541,18.169800037646944,-0.84904249234024098,-0.43952660251783382,-0.16906937424399687,-0.23949688635250641,-21.140360668495177,-6.5250718738529994,0.017424501377005797,15.562521567114064,20.475540097947633,18.836954044877601,21.13925064503352,12.256205696299933,51.450189108281329,-156.99699406816268,166.93638354013157,22.076081075168467,1400.3283663417922,1201.1913998999878,-514.46749275392881,0.046002950959720137,10.939189957719231,96.993092032086778,0,0,-32768,-13648,29768,-32768,-10690,29,25497,32767,30862,13853,8032,32767,-25722,27350,3617,22942,19680,-8429,377,17922,15891,870967981,0,0,-20.00061037018952,-8.3303323465681931,18.169499801629687,0.84885614410365873,0.44003905365425067,0.16882001429502699,0.23939231535278419,-20.00061037018952,-6.5248573259681999,0.017700735496078372,15.562608722190008,20,18.837244788964508,21.138645588549455,12.256233405560472,50,-156.99942014831996,166.93624683370464,22.07708975493637,1400.3112887966552,1201.2085329752495,-514.48103274636071,0.046021912289803762,10.939054536576434,96.993926816614277,0,0
rand187,-17.187214000447948,-7.6989517364783469,2.2807333180149136,-0.59894229183568348,-0.73413833931432171,0.25206791878896667,0.19690300687604462,17.995297295972108,12.665527748243173,-1.540854801008209,-6.945671582164004,-5.5896611198622903,14.924171607251873,-14.28118563959022,43.658505804239233,-17.392479609166045,-31.183579714677187,-13.601432025027425,-110.82413312958825,-57.966001589753311,2160.6664279354113,-1160.7310919776919,0.1951353923636388,8.2761623603364569,-85.20406303198574,1,1,-28159,-12614,3737,29483,20751,-2524,-11379,-9158,24451,-9359,28611,-11398,-5109,-2228,-18157,-950,32767,-19017,1599,13559,-13959,2064984434,1,1,-17.187414166692097,-7.6992095706045713,2.2809533982360302,0.59917267368644822,0.73413562808455157,-0.25184625083356488,-0.1964954264745396,17.995544297616505,12.665791802728355,-1.5405743583483382,-6.9454023865474408,-5.5897701956236459,14.924161503952147,-14.281136509292885,43.658253730887786,-17.392498550370799,-31.183812982573929,-13.59904782250435,-110.82491531113621,-57.985168004394666,2000,-1160.7409894100772,0.19519638660847805,8.2760093997009179,-85.201574755088956,1,1
rand188,-2.6859209521748726,19.981861782705984,7.954885200176518,-0.1285364940475304,0.22815184886560619,-0.30061062996038573,0.91709233597931394,-7.9681836329417575,12.956570718938048,-18.061205013190079,-14.007638450072262,-20.984270840803177,1.8968178910796949,52.206609732571799,14.054304653851677,-4.3832748519226472,-73.921478429682296,90.195943640181341,29.442725210074805,-528.44152573130066,891.28977830092424,154.39720999002952,-0.10525372038640608,-15.981082415961238,-194.53097439706119,2,0,-4400,32737,13033,-13055,21227,-29591,-22949,-32768,3108,32767,9210,-2873,-12111,14777,4824,-8658,14602,2530,-862,-26183,-31871,3661272359,2,0,-2.685628833887753,19.981688894314402,7.9549546800134285,-0.12869066663473369,0.22832215048097912,-0.30027822214771194,0.91713722922180974,-7.9683828241828669,12.956328012939847,-18.061464278084657,-14.007385479293191,-20.00061037018952,1.8970305490279855,50,14.053773613696707,-4.3839838862269964,-73.921933652760401,90.194402905362097,29.444257942442093,-528.45851008636737,891.26255073702202,154.42365794854578,-0.10522782067323833,-15.98132267220069,-194.53108310190132,2,0
rand189,-2.9282441077828931,8.4817961156560191,-12.371296605478847,-0.1030627888567747,0.28273925078019718,0.33477358070523239,0.89295197367110046,-5.2399847328405578,-7.0749262838179003,-9.0006523918925296,-2.5617720112488667,-21.497898810705504,-9.8128740799059297,37.209569780779397,15.60383642453793,-32.940814441240306,11.911941515208584,192.64577511692761,-44.108347492855195,-199.81110474534341,500.25540904135505,-335.86014908881197,2.2229950091401927,-2.4870551981169196,63.354702464631295,0,1,-4797,13896,-20269,-8585,-11591,-14746,-4197,-32768,-16077,24385,10226,-21587,1952,31562,-7226,-3274,8196,-5503,18210,-4075,10380,3681235698,0,1,-2.9279457991271705,8.4817041535691402,-12.371593371379742,-0.10239902506419671,0.28228920423102882,0.33487248737210279,0.89313361936595781,-5.2400280770287182,-7.0748008667256688,-9.0005188146610919,-2.5617236854152043,-20.00061037018952,-9.8129215369121372,37.209692678609578,15.604113895077365,-32.940153202917571,11.914426099429305,192.64503921628469,-44.105349894711139,-199.83520004882962,500.25940733054597,-335.8867152928251,2.2229682302316354,-2.4872585222937711,63.356425672170168,0,1
rand190,8.5524012679152257,-11.586225551201126,8.5504874824367345,-0.29692670798423904,0.29953924617457145,0.73967897105212688,-0.52439087508277538,-18.404348517865298,-14.151566571446565,15.371950232880371,20.489249392593763,-4.0360039164945487,17.117846994970179,24.184042011021312,49.872739775882181,1.4563400158338802,-2.3163065444805264,-35.57761528202488,130.70739719333548,-812.26177431653866,1220.7258492842855,1385.4095046332384,0.4630489657553099,-19.944029307275308,129.29680463314403,1,0,14012,-18982,14009,-30153,-23185,25185,32767,-6612,28045,15849,32684,954,-379,-5829,21414,-13308,20000,22698,3793,-32675,21183,2459656325,1,0,8.5525070955534535,-11.586046937467573,8.5506759849848937,-0.29751068092976068,0.29889445153873634,0.739663899481525,-0.52444906080176423,-18.404492324594866,-14.151432844019897,15.372173223059786,20,-4.0357676931058686,17.117831965086825,24.184392834253973,49.873348185674608,1.455732902005066,-2.3133030182805872,-35.578478347117525,130.70467238380078,-812.28064821314126,1220.7403790398878,1385.4182561723685,0.4630268257698294,-19.943845942564167,129.2947172460097,1,0
rand191,-8.1301963012087199,3.5110461467201421,-0.47914438610566501,0.34161346504115114,-0.017253559775129813,0.89570950193605847,-0.28408985078513893,15.883573144038323,5.5472324080049642,-2.7182881898703846,-21.177651166286203,13.766670194677545,-12.59708424813488,32.049423356930838,9.5045529821119654,-16.88254542689409,-213.38399376880167,-71.632613737784695,196.25856310863932,-1694.1678645370152,-323.59035847950565,1652.2907465195146,-0.69398568945269123,-19.267332969450202,62.352348983327374,2,1,-13320,5752,-785,26023,9088,-4454,-32768,22555,-20638,21003,6229,-11064,-32768,-11736,32154,-27756,-5302,27070,-5685,-31567,10215,2943865139,2,1,-8.1301309244056519,3.5108493301187171,-0.4791405987731559,0.34179134041698089,-0.016605247307707575,0.89578601726262486,-0.28367297484000437,15.883663441877498,5.5470442823572501,-2.7185888241218299,-20.00061037018952,13.766899624622333,-12.596819971312602,32.04901272621845,9.5049897762993254,-16.882839442121647,-200.0061037018952,-71.633045442060606,196.25843073824274,-1694.1434980315562,-323.61827448347424,1652.2721030304881,-0.69399090548417619,-19.267555772576067,62.349314859462261,2,1
rand192,-9.246308089070709,12.890813091986256,-7.9723003206270331,-0.75910617370286537,0.59636427529142277,0.23966556746771686,-0.10328544898826938,21.994149478304639,-8.4632392889350747,-2.3170206122884363,20.700351626419561,9.159470436778042,17.742006256895674,-49.04681214488037,-43.535757891328622,-12.158952427798628,-80.649621772332253,-43.590692104593252,-132.36528999809377,-1984.9245801707748,-1520.097651961916,342.12447514859105,0.24533423460434076,-0.4185427301950968,-75.942526750625888,0,0,-15149,21120,-13061,32767,-13866,-3796,32767,15006,29068,-32142,-28531,-7968,-13213,-7142,-21686,-32520,-24905,5605,2010,-686,-12442,85282379,0,0,-9.2464980010376294,12.891018402661214,-7.9720450453199865,0.75909246382606665,-0.59640513246849713,-0.23939231535278421,0.10378279567317235,20,-8.4633930478835406,-2.3169652394177067,20,9.1592150639362782,17.742240668965728,-49.046296578875086,-43.536179692983794,-12.158574175237282,-80.648213141270176,-43.592638935514387,-132.36487929929501,-1984.9238563188574,-1520.1269569994201,342.11249122592852,0.24536881618701742,-0.41871395001068146,-75.942258980071415,0,0
rand193,16.341795773256536,4.1404686177139549,-14.9034195814752,-0.64372446757060187,-0.63503142524125789,-0.41333429964009688,-0.10727840205760145,15.765231250224758,-15.132466465258496,13.930770522332056,-19.997791167060608,-8.7921527352789646,21.975282852175585,38.862360026817704,-36.407631117663776,-6.0464353401615902,41.680879205720601,21.404527869574729,-89.609115595841587,-1948.5100208699923,-1885.7687669909481,-129.87699962799047,-2.5281555698643978,-6.5295278355185111,118.18983793700153,1,1,26774,6784,-24417,25829,-24792,22823,-32763,-14405,32767,25468,-23859,-3962,6829,3507,-14681,-31923,-30895,-2128,-20710,-10698,19364,1018998350,1,1,16.342051454206977,4.1407513657032986,-14.903408917508468,0.64323159408463659,0.63515070951981467,0.41374741208371368,0.10793410750009923,15.765251625110629,-15.132297738578448,13.930478835413679,-19.99755851924192,-8.7923825800347917,20,38.862269966734821,-36.407055879390853,-6.0457167271950434,41.682180242316967,21.40568254646443,-89.608447523422953,-1948.4847560045168,-1885.7387005218666,-129.88677632984405,-2.5281533249916075,-6.5297402874843593,118.19208349864192,1,1
rand194,14.69867251246295,-18.787395268152739,-20.153158356525182,-0.24478658753630153,0.59495814008128267,-0.66403416149878924,0.38100258591767222,13.608664017035116,6.7569373182354475,17.461945887350456,19.38687313264656,16.801995773282655,5.9391048340966872,37.195733698408475,3.597206523735764,-48.157345935843964,-203.63411611304466,-168.32554713288218,110.91167319315116,960.11897364609729,663.72143508334079,517.0124801638832,3.382483742714947,3.3352283339876161,65.188733031922553,2,0,24082,-30780,-32768,22296,11070,28609,31762,27528,9730,24376,2357,-31559,-32768,-27578,18171,15730,10874,8470,27708,5464,10680,2870036717,2,0,14.698934904019287,-18.787194433423871,-20.00061037018952,0.24492739778868669,-0.59502136185952137,0.6641925949504619,-0.38053691746829854,13.608813745536668,6.7567979979857782,17.462080751976075,19.386577959532456,16.802270577105013,5.9389019440290536,37.19595934934538,3.596606341746269,-48.156682027649772,-200.0061037018952,-168.3278908658101,110.910367137669,960.11230811487167,663.71654408398695,516.98355052339241,3.3824274422437206,3.335062715536973,65.187536240729997,2,0
rand195,-5.3547311208071822,-4.425002972329704,0.79192333421989369,0.1679690047882289,0.35034682752262014,0.91601341497956901,0.099814515240796542,-5.3945071406924363,5.0182598871523041,-12.310331464906815,1.1471038736518393,1.8476795602585412,17.029182968086069,-5.3060067314275976,18.22219677609408,-30.456973871679743,16.174574572014802,98.22698821587214,-125.40601370172206,-769.90773458105775,551.02587078451131,-134.19617643950392,1.8251052753745418,17.688510231069767,-0.49639778845867788,0,1,-8773,-7250,1297,-8838,8222,-20169,1879,3027,27900,-3477,11942,-19960,2650,16093,-20546,-12614,9028,-2199,14951,28980,-81,2812016200,0,1,-5.354777672658467,-4.4251838740195932,0.79165013580736721,0.16743624368605137,0.35009396407083465,0.91622753071934582,0.099631483846245442,-5.394451734977264,5.0184636982329787,-12.310556352427747,1.1468855861079745,1.8475905636768699,17.029328287606432,-5.3056428724021121,18.222602008117924,-30.457472457045199,16.174810022278511,98.226874599444557,-125.40665913876767,-769.92095706045711,551.04220709860533,-134.22040467543565,1.8251289407025362,17.688528092287974,-0.49439985351115451,0,1
rand196,15.604018989935017,-9.2887357083080353,4.8058427490198383,0.042470733709014115,-0.12087436708924397,0.81373524659314767,-0.56693965517591205,-6.0883820761271084,-5.1135321074898501,2.7202839051331633,18.334089972881067,-5.008645113530104,19.657444234366821,-40.195176952831964,14.889171438354076,39.876990758930589,-18.248787797433824,129.12965121055515,68.632175047051689,-1217.7028770008062,1661.5311732161592,698.23587030602016,4.3220857232255812,10.318848955423675,-178.02961298306613,1,0,25565,-15218,7874,-9975,-8378,4457,30038,-8206,32206,-26342,9757,26133,-2990,21156,11244,-19950,27222,11440,32767,16906,-29167,2717295718,1,0,15.604113895077365,-9.2886135441145061,4.806054872280038,0.042896888878244561,-0.12038804298087991,0.81350178205919765,-0.56734594968000873,-6.08844264046144,-5.1136814477980899,2.7204199346903897,18.334299752800074,-5.008697775200659,19.657582323679311,-40.195928830835904,14.88845484786523,39.877010406811735,-18.250068666646321,129.12991729483932,68.630024109622482,-1217.6885280922879,1661.5497299111912,698.26349681081581,4,10.31891842402417,-178.02667317728202,1,0
rand197,17.608130375796947,11.462561942431524,13.621937451819896,-0.54236718740155376,0.38727854566512454,-0.60933494399001398,-0.42960922724066375,16.210071339872002,15.990465889246694,12.445074776149758,11.377573292885057,6.6746278035190691,-6.1609319841548533,-18.720661967257566,-13.195227199601975,46.178323182727851,95.744630532936952,205.78701466689137,21.357213020196756,-900.80054919715155,-2002.7968004390327,1710.3564001617874,3.3110228358949758,6.1502733623281047,165.93101044062175,2,1,28848,18780,22318,26558,26198,20389,18640,10935,-10094,-12268,-8647,30263,15686,32767,3499,-14758,-32768,28022,27123,10076,27185,3095634742,2,1,17.607959227271341,11.462752159184545,13.622241889706107,0.5424380787184474,-0.3874557705131767,0.60961024360572702,0.42896888878244566,16.21021149327067,15.990478225043489,12.444837794122135,11.377300332651753,6.6743980224005863,-6.161076693014313,-18.720053712576679,-13.194677571947386,46.179082613605154,95.742667928098385,200,21.356852931302836,-900.78432569353311,-2000.061037018952,1710.3793450727867,3.3110141300698874,6.1500900296029544,165.92913602099674,2,1
rand198,4.1167526366028646,-20.961988856166091,13.491614084544203,-0.37355449294584581,0.35914483630222421,0.6907335611477633,-0.50434033634198827,-13.719847489447513,17.486356774003305,2.1775429701993807,21.567740440636502,19.383535996743888,-7.4072556871803146,-2.9667091179939042,1.1391329487774438,15.580799540021641,-174.95518881595618,-177.00903037896055,-151.49426121962728,-1093.9270702360395,1073.9245058903241,-1922.7626288143988,-3.6200202458881039,-15.420299243025616,127.75462463040112,0,0,6745,-32768,22104,-22478,28649,3568,32767,31757,-12136,-1944,747,10211,-28664,-29000,-24820,-17922,17595,-31502,-29654,-25264,20931,2402029716,0,0,4.1169469283120215,-20.00061037018952,13.491622669148839,-0.37361806442342044,0.35978035833366412,0.69084115356433839,-0.50369250166712987,-13.719901120029299,17.486495559556872,2.1778008362071595,20,19.383526108584856,-7.4074526200140385,-2.9663991210669272,1.1398663289284952,15.581225012970366,-174.95651112399671,-177.00735496078372,-151.49388103885005,-1093.9054536576434,1073.9463484603411,-1922.788171025727,-3.6199835200048831,-15.420392468031862,127.75658436841945,0,0
rand199,-19.2203341365122,19.692921614936086,-6.3649602317067036,-0.50555010607404394,-0.78525903600307911,0.23075832305646266,0.27301636025009013,15.168198250211825,13.988313772573589,5.6604910652096603,4.1993872882379879,13.779067584131198,-21.617390261812218,6.0480732181663495,-21.908681531957853,52.62141606587037,139.1177211294426,62.708529092354112,4.1200577745815536,-235.91600321636184,3.1017991103543086,878.00897047879903,-1.3948815147320823,-1.5285410928699106,-128.50301334263114,1,1,-31490,32264,-10428,24851,22918,9274,6880,22575,-32768,3964,-14358,32767,22792,10274,675,-3865,51,14385,-11427,-2504,-21053,1993696571,1,1,-19.220557267983033,19.69298379467147,-6.3649403363139747,0.5050762722761053,0.78561009513091717,-0.2310896916989304,-0.2726028099681993,15.168309579760125,13.988464003418073,5.6605731376079591,4.1993469038972133,13.779107028412731,-20.00061037018952,6.0487685781426439,-21.909237952818383,50,139.1155735953856,62.709433271279032,4.1199987792596211,-235.9080782494583,3.1128879665517135,878.01751762443917,-1.3949400311288798,-1.5283669545579395,-128.50123599963376,1,1
rand200,-1.7556289421812159,2.427328675413964,14.623786289667782,0.32200573360001628,-0.26849766244139012,-0.85068699965085881,-0.31710083793210703,17.650350653554707,14.882518963903406,-0.047719513985307938,17.821405989644507,-9.5516299572289878,15.464822281168502,42.939389031669265,-15.24299340183042,-53.629649399099812,-192.38915749099982,65.650474210010159,110.77145595146722,-490.80394844245927,-1227.9629107558198,-1239.3817740563604,-2.5433599649466689,-13.847331844254496,-124.97034662877117,2,0,-2876,3977,23959,28917,24383,-78,29198,-15649,25337,28140,-9989,-32768,-31520,10756,18148,-8041,-20118,-20305,-20835,-22687,-20475,2440760037,2,0,-1.7554246650593586,2.4274422437208165,14.623859370708335,-0.32241855189132212,0.2684514981412725,0.85062620305743319,0.31688346945541956,17.650074770348215,14.882656331064791,-0.04760887478255562,17.821588793603322,-9.5516830957976016,15.464949491866816,42.939542832728051,-15.242469557786798,-50.0015259254738,-192.38868373668629,65.651417584765156,110.76998199407942,-490.79866939298682,-1227.9427472762229,-1239.356669820246,-2.5434125797296061,-13.847468489638967,-124.9732963042085,2,0
